,date,comment,user,post url,post title,Polarity,Analysis
36,2021-05-07 20:05:18,lezz goooo,rokcyMaxy,https://www.reddit.com/r/BSCMoonShots/comments/n6zwum/sat_saturna_previous_top_post_on_sub_has_huge/,"$SAT, Saturna - Previous top post on sub! Has huge potential for another big pump! Great brand new meme coin with nice site, great team, and solid tokenomics! Peak $15M marketcap, now at $7.3M, 3023 holders in only 5 hrs.",0.0,Neutral
37,2021-05-07 20:05:37,big gain inbound,New-Tangelo951,https://www.reddit.com/r/BSCMoonShots/comments/n6zwum/sat_saturna_previous_top_post_on_sub_has_huge/,"$SAT, Saturna - Previous top post on sub! Has huge potential for another big pump! Great brand new meme coin with nice site, great team, and solid tokenomics! Peak $15M marketcap, now at $7.3M, 3023 holders in only 5 hrs.",0.5267,Positive
38,2021-05-07 20:05:46,nice project nice web site let iam,sasa1881,https://www.reddit.com/r/BSCMoonShots/comments/n6zwum/sat_saturna_previous_top_post_on_sub_has_huge/,"$SAT, Saturna - Previous top post on sub! Has huge potential for another big pump! Great brand new meme coin with nice site, great team, and solid tokenomics! Peak $15M marketcap, now at $7.3M, 3023 holders in only 5 hrs.",0.6808,Positive
32,2021-05-07 20:22:30,excited pump today cheap,poese42069,https://www.reddit.com/r/BSCMoonShots/comments/n6zwum/sat_saturna_previous_top_post_on_sub_has_huge/,"$SAT, Saturna - Previous top post on sub! Has huge potential for another big pump! Great brand new meme coin with nice site, great team, and solid tokenomics! Peak $15M marketcap, now at $7.3M, 3023 holders in only 5 hrs.",0.34,Positive
72,2021-05-07 20:31:36,lets goo,sasa1881,https://www.reddit.com/r/AllCryptoBets/comments/n70b0b/sat_saturna_previous_top_post_on_sub_has_huge/,"$SAT, Saturna - Previous top post on sub! Has huge potential for another big pump! Great brand new meme coin with nice site, great team, and solid tokenomics! Peak $15M marketcap, now at $7.3M, 3023 holders in only 12 hrs. #1 Trending on CryptoMoonShots.",0.0,Neutral
63,2021-05-07 20:31:42,letsss gooo,sasa1881,https://www.reddit.com/r/CryptoMars/comments/n70c9g/sat_saturna_previous_top_post_on_sub_has_huge/,"$SAT, Saturna - Previous top post on sub! Has huge potential for another big pump! Great brand new meme coin with nice site, great team, and solid tokenomics! Peak $15M marketcap, now at $7.3M, 3023 holders in only 12 hrs. #1 Trending on CryptoMoonShots.",0.0,Neutral
33,2021-05-07 20:32:05,yessss babyyy iam inn ready fly,sasa1881,https://www.reddit.com/r/BSCMoonShots/comments/n6zwum/sat_saturna_previous_top_post_on_sub_has_huge/,"$SAT, Saturna - Previous top post on sub! Has huge potential for another big pump! Great brand new meme coin with nice site, great team, and solid tokenomics! Peak $15M marketcap, now at $7.3M, 3023 holders in only 5 hrs.",0.3612,Positive
34,2021-05-07 20:49:36,brooo add sit wallet buy showing,Rio_0,https://www.reddit.com/r/BSCMoonShots/comments/n6zwum/sat_saturna_previous_top_post_on_sub_has_huge/,"$SAT, Saturna - Previous top post on sub! Has huge potential for another big pump! Great brand new meme coin with nice site, great team, and solid tokenomics! Peak $15M marketcap, now at $7.3M, 3023 holders in only 5 hrs.",0.0,Neutral
56,2021-05-07 20:54:09,make bonfire huge run yesterday correct consolidated perfect time buy rn were go here,poese42069,https://www.reddit.com/r/cryptostreetbets/comments/n70qsi/sat_saturna_previous_top_post_on_sub_has_huge/,"$SAT, Saturna - Previous top post on sub! Has huge potential for another big pump! Great brand new meme coin with nice site, great team, and solid tokenomics! Peak $15M marketcap, now at $7.3M, 3023 holders in only 12 hrs. #1 Trending on CryptoMoonShots.",0.7184,Positive
64,2021-05-07 20:54:20,make bonfire huge run yesterday correct consolidated perfect time buy rn were go here,poese42069,https://www.reddit.com/r/CryptoMars/comments/n70c9g/sat_saturna_previous_top_post_on_sub_has_huge/,"$SAT, Saturna - Previous top post on sub! Has huge potential for another big pump! Great brand new meme coin with nice site, great team, and solid tokenomics! Peak $15M marketcap, now at $7.3M, 3023 holders in only 12 hrs. #1 Trending on CryptoMoonShots.",0.7184,Positive
73,2021-05-07 20:54:29,make bonfire huge run yesterday correct consolidated perfect time buy rn were go here,poese42069,https://www.reddit.com/r/AllCryptoBets/comments/n70b0b/sat_saturna_previous_top_post_on_sub_has_huge/,"$SAT, Saturna - Previous top post on sub! Has huge potential for another big pump! Great brand new meme coin with nice site, great team, and solid tokenomics! Peak $15M marketcap, now at $7.3M, 3023 holders in only 12 hrs. #1 Trending on CryptoMoonShots.",0.7184,Positive
35,2021-05-07 20:54:38,make bonfire huge run yesterday correct consolidated perfect time buy rn were go here,poese42069,https://www.reddit.com/r/BSCMoonShots/comments/n6zwum/sat_saturna_previous_top_post_on_sub_has_huge/,"$SAT, Saturna - Previous top post on sub! Has huge potential for another big pump! Great brand new meme coin with nice site, great team, and solid tokenomics! Peak $15M marketcap, now at $7.3M, 3023 holders in only 5 hrs.",0.7184,Positive
39,2021-05-07 21:10:06,let rip 50 m easy,iop90-,https://www.reddit.com/r/BSCMoonShots/comments/n6zwum/sat_saturna_previous_top_post_on_sub_has_huge/,"$SAT, Saturna - Previous top post on sub! Has huge potential for another big pump! Great brand new meme coin with nice site, great team, and solid tokenomics! Peak $15M marketcap, now at $7.3M, 3023 holders in only 5 hrs.",0.4404,Positive
57,2021-05-07 21:18:26,decent design website fall love laugh loud,rokcyMaxy,https://www.reddit.com/r/cryptostreetbets/comments/n70qsi/sat_saturna_previous_top_post_on_sub_has_huge/,"$SAT, Saturna - Previous top post on sub! Has huge potential for another big pump! Great brand new meme coin with nice site, great team, and solid tokenomics! Peak $15M marketcap, now at $7.3M, 3023 holders in only 12 hrs. #1 Trending on CryptoMoonShots.",0.8316,Positive
40,2021-05-07 21:21:47,existence project,overfluffy1,https://www.reddit.com/r/BSCMoonShots/comments/n6zwum/sat_saturna_previous_top_post_on_sub_has_huge/,"$SAT, Saturna - Previous top post on sub! Has huge potential for another big pump! Great brand new meme coin with nice site, great team, and solid tokenomics! Peak $15M marketcap, now at $7.3M, 3023 holders in only 5 hrs.",0.0,Neutral
65,2021-05-07 21:28:06,polywenmoon 20 rugged original dev majority buy time high think hey sell time low create community token real use case them pump dump want benefit positive bull run help community chase moon high redistribution rate reward wallet holder financial literacy currently talk coingecko blockfolio list come donation wallet personal fund marketing purpose start look pay youtuber 1000 10000 subscriber raise price action chance moon community own token go original dev contract address 0x6ff6f92c3729b01a3205eb6bb2a909abba33dec8 100 community token renounce ownership high redistribution fee incentivize reward holder 8 fee auto add liquidity pool lock forever 2 fee auto distribute hodler 40 burn black hole big black hole 2 fee strong holder valuable reward 1000000000000000 total supply 5000000000000 token limitation trade 8 fee liquidity address contract create contract sell add liquidity automatically idea increase liquidity pool automatically ensure trade smooth decrease require slippage token contract source code verify quickswap list lp burn burn 2 renounce ownership chart telegram,poorarab,https://www.reddit.com/r/CryptoMars/comments/n70c9g/sat_saturna_previous_top_post_on_sub_has_huge/,"$SAT, Saturna - Previous top post on sub! Has huge potential for another big pump! Great brand new meme coin with nice site, great team, and solid tokenomics! Peak $15M marketcap, now at $7.3M, 3023 holders in only 12 hrs. #1 Trending on CryptoMoonShots.",0.9867,Positive
3,2021-05-07 21:43:03,good community token far come join us,smditr,https://www.reddit.com/r/SatoshiStreetDegens/comments/n71wi1/sat_saturna_65_mill_market_cap_14_hours_old/,"$SAT, Saturna [6.5 mill market cap] [14 hours old] - Previous top post on CryptoMoonShot! Has huge potential for another big pump! Great brand new meme coin with nice site, great team, and solid tokenomics! Peak $15M marketcap, 3077 holders in only 14 hrs.",0.6249,Positive
2,2021-05-07 21:48:49,bonfire 2 50 retrace pump 15 mil mcap 12 hoursthis today whale hold community strong let saturna,poese42069,https://www.reddit.com/r/SatoshiStreetDegens/comments/n71wi1/sat_saturna_65_mill_market_cap_14_hours_old/,"$SAT, Saturna [6.5 mill market cap] [14 hours old] - Previous top post on CryptoMoonShot! Has huge potential for another big pump! Great brand new meme coin with nice site, great team, and solid tokenomics! Peak $15M marketcap, 3077 holders in only 14 hrs.",0.5106,Positive
41,2021-05-07 21:52:16,amazing team community,cryptosheikhyeah,https://www.reddit.com/r/BSCMoonShots/comments/n6zwum/sat_saturna_previous_top_post_on_sub_has_huge/,"$SAT, Saturna - Previous top post on sub! Has huge potential for another big pump! Great brand new meme coin with nice site, great team, and solid tokenomics! Peak $15M marketcap, now at $7.3M, 3023 holders in only 5 hrs.",0.5859,Positive
42,2021-05-07 21:54:37,clean website safe project too nice in,AlexWD,https://www.reddit.com/r/BSCMoonShots/comments/n6zwum/sat_saturna_previous_top_post_on_sub_has_huge/,"$SAT, Saturna - Previous top post on sub! Has huge potential for another big pump! Great brand new meme coin with nice site, great team, and solid tokenomics! Peak $15M marketcap, now at $7.3M, 3023 holders in only 5 hrs.",0.8126,Positive
4,2021-05-07 21:54:59,yeahwe 30 million market cap post that 2k upvote remove cryptomoonshot due direct link though maintain conspiracy mod want crash buy dip laughing loud literally go break record single day were way long let post stay up delay inevitable long,frequentsgeiseleast,https://www.reddit.com/r/SatoshiStreetDegens/comments/n71wi1/sat_saturna_65_mill_market_cap_14_hours_old/,"$SAT, Saturna [6.5 mill market cap] [14 hours old] - Previous top post on CryptoMoonShot! Has huge potential for another big pump! Great brand new meme coin with nice site, great team, and solid tokenomics! Peak $15M marketcap, 3077 holders in only 14 hrs.",-0.5994,Negative
6,2021-05-07 21:55:48,new use functionality release hodler milestone like 1k5k10k25k50k,RoadFair6422,https://www.reddit.com/r/SatoshiStreetDegens/comments/n71wi1/sat_saturna_65_mill_market_cap_14_hours_old/,"$SAT, Saturna [6.5 mill market cap] [14 hours old] - Previous top post on CryptoMoonShot! Has huge potential for another big pump! Great brand new meme coin with nice site, great team, and solid tokenomics! Peak $15M marketcap, 3077 holders in only 14 hrs.",0.3612,Positive
43,2021-05-07 21:56:10,good community day old were get close 5k holder awesome love sailor moon sticker,smditr,https://www.reddit.com/r/BSCMoonShots/comments/n6zwum/sat_saturna_previous_top_post_on_sub_has_huge/,"$SAT, Saturna - Previous top post on sub! Has huge potential for another big pump! Great brand new meme coin with nice site, great team, and solid tokenomics! Peak $15M marketcap, now at $7.3M, 3023 holders in only 5 hrs.",0.9042,Positive
58,2021-05-07 21:57:20,good community far love sailormoon sticker awesome vibes tg,smditr,https://www.reddit.com/r/cryptostreetbets/comments/n70qsi/sat_saturna_previous_top_post_on_sub_has_huge/,"$SAT, Saturna - Previous top post on sub! Has huge potential for another big pump! Great brand new meme coin with nice site, great team, and solid tokenomics! Peak $15M marketcap, now at $7.3M, 3023 holders in only 12 hrs. #1 Trending on CryptoMoonShots.",0.9042,Positive
44,2021-05-07 22:03:51,pump incoming,daanieel21,https://www.reddit.com/r/BSCMoonShots/comments/n6zwum/sat_saturna_previous_top_post_on_sub_has_huge/,"$SAT, Saturna - Previous top post on sub! Has huge potential for another big pump! Great brand new meme coin with nice site, great team, and solid tokenomics! Peak $15M marketcap, now at $7.3M, 3023 holders in only 5 hrs.",0.0,Neutral
69,2021-05-07 22:04:00,pump incoming,daanieel21,https://www.reddit.com/r/shitcoinmoonshots/comments/n7107y/sat_saturna_previous_top_post_on_sub_has_huge/,"$SAT, Saturna - Previous top post on sub! Has huge potential for another big pump! Great brand new meme coin with nice site, great team, and solid tokenomics! Peak $15M marketcap, now at $7.3M, 3023 holders in only 12 hrs. #1 Trending on CryptoMoonShots.",0.0,Neutral
7,2021-05-07 22:04:11,pump incoming,daanieel21,https://www.reddit.com/r/SatoshiStreetDegens/comments/n71wi1/sat_saturna_65_mill_market_cap_14_hours_old/,"$SAT, Saturna [6.5 mill market cap] [14 hours old] - Previous top post on CryptoMoonShot! Has huge potential for another big pump! Great brand new meme coin with nice site, great team, and solid tokenomics! Peak $15M marketcap, 3077 holders in only 14 hrs.",0.0,Neutral
45,2021-05-07 22:11:19,look like bonfire situation sadly hesitate jump board launch project sure get sit coin right time let moon guy,OverFluffyy,https://www.reddit.com/r/BSCMoonShots/comments/n6zwum/sat_saturna_previous_top_post_on_sub_has_huge/,"$SAT, Saturna - Previous top post on sub! Has huge potential for another big pump! Great brand new meme coin with nice site, great team, and solid tokenomics! Peak $15M marketcap, now at $7.3M, 3023 holders in only 5 hrs.",-0.0258,Neutral
46,2021-05-07 22:38:38,ape in,Capital_Adeptness_46,https://www.reddit.com/r/BSCMoonShots/comments/n6zwum/sat_saturna_previous_top_post_on_sub_has_huge/,"$SAT, Saturna - Previous top post on sub! Has huge potential for another big pump! Great brand new meme coin with nice site, great team, and solid tokenomics! Peak $15M marketcap, now at $7.3M, 3023 holders in only 5 hrs.",0.0,Neutral
8,2021-05-07 22:40:28,lets gooooooo,momo20242,https://www.reddit.com/r/SatoshiStreetDegens/comments/n71wi1/sat_saturna_65_mill_market_cap_14_hours_old/,"$SAT, Saturna [6.5 mill market cap] [14 hours old] - Previous top post on CryptoMoonShot! Has huge potential for another big pump! Great brand new meme coin with nice site, great team, and solid tokenomics! Peak $15M marketcap, 3077 holders in only 14 hrs.",0.0,Neutral
9,2021-05-07 22:41:00,excited coin good community i have in,ParadoxSebx,https://www.reddit.com/r/SatoshiStreetDegens/comments/n71wi1/sat_saturna_65_mill_market_cap_14_hours_old/,"$SAT, Saturna [6.5 mill market cap] [14 hours old] - Previous top post on CryptoMoonShot! Has huge potential for another big pump! Great brand new meme coin with nice site, great team, and solid tokenomics! Peak $15M marketcap, 3077 holders in only 14 hrs.",0.6486,Positive
10,2021-05-07 22:42:24,20 m babyyyy,iop90-,https://www.reddit.com/r/SatoshiStreetDegens/comments/n71wi1/sat_saturna_65_mill_market_cap_14_hours_old/,"$SAT, Saturna [6.5 mill market cap] [14 hours old] - Previous top post on CryptoMoonShot! Has huge potential for another big pump! Great brand new meme coin with nice site, great team, and solid tokenomics! Peak $15M marketcap, 3077 holders in only 14 hrs.",0.0,Neutral
66,2021-05-07 23:25:55,way hear red panda token redpan user donate save red panda bomb occur before,PleasantEvent3151,https://www.reddit.com/r/CryptoMars/comments/n70c9g/sat_saturna_previous_top_post_on_sub_has_huge/,"$SAT, Saturna - Previous top post on sub! Has huge potential for another big pump! Great brand new meme coin with nice site, great team, and solid tokenomics! Peak $15M marketcap, now at $7.3M, 3023 holders in only 12 hrs. #1 Trending on CryptoMoonShots.",0.0,Neutral
11,2021-05-07 23:33:47,buy dip,Steggy31,https://www.reddit.com/r/SatoshiStreetDegens/comments/n71wi1/sat_saturna_65_mill_market_cap_14_hours_old/,"$SAT, Saturna [6.5 mill market cap] [14 hours old] - Previous top post on CryptoMoonShot! Has huge potential for another big pump! Great brand new meme coin with nice site, great team, and solid tokenomics! Peak $15M marketcap, 3077 holders in only 14 hrs.",0.0,Neutral
5,2021-05-07 23:44:19,check current market cap,Shanks_Yagami,https://www.reddit.com/r/SatoshiStreetDegens/comments/n71wi1/sat_saturna_65_mill_market_cap_14_hours_old/,"$SAT, Saturna [6.5 mill market cap] [14 hours old] - Previous top post on CryptoMoonShot! Has huge potential for another big pump! Great brand new meme coin with nice site, great team, and solid tokenomics! Peak $15M marketcap, 3077 holders in only 14 hrs.",0.0,Neutral
12,2021-05-07 23:55:22,set slippage 10,DoeyB,https://www.reddit.com/r/SatoshiStreetDegens/comments/n71wi1/sat_saturna_65_mill_market_cap_14_hours_old/,"$SAT, Saturna [6.5 mill market cap] [14 hours old] - Previous top post on CryptoMoonShot! Has huge potential for another big pump! Great brand new meme coin with nice site, great team, and solid tokenomics! Peak $15M marketcap, 3077 holders in only 14 hrs.",0.0,Neutral
13,2021-05-08 00:05:06,buy fucking dip,PM_ME_TETONS,https://www.reddit.com/r/SatoshiStreetDegens/comments/n71wi1/sat_saturna_65_mill_market_cap_14_hours_old/,"$SAT, Saturna [6.5 mill market cap] [14 hours old] - Previous top post on CryptoMoonShot! Has huge potential for another big pump! Great brand new meme coin with nice site, great team, and solid tokenomics! Peak $15M marketcap, 3077 holders in only 14 hrs.",0.0,Neutral
0,2021-05-08 00:07:08,epic yo,The5JewBankers,https://www.reddit.com/r/SatoshiStreetDegens/comments/n71wi1/sat_saturna_65_mill_market_cap_14_hours_old/,"$SAT, Saturna [6.5 mill market cap] [14 hours old] - Previous top post on CryptoMoonShot! Has huge potential for another big pump! Great brand new meme coin with nice site, great team, and solid tokenomics! Peak $15M marketcap, 3077 holders in only 14 hrs.",0.0,Neutral
59,2021-05-08 00:09:13,x check,Significant-One1325,https://www.reddit.com/r/cryptostreetbets/comments/n70qsi/sat_saturna_previous_top_post_on_sub_has_huge/,"$SAT, Saturna - Previous top post on sub! Has huge potential for another big pump! Great brand new meme coin with nice site, great team, and solid tokenomics! Peak $15M marketcap, now at $7.3M, 3023 holders in only 12 hrs. #1 Trending on CryptoMoonShots.",0.0,Neutral
47,2021-05-08 00:11:58,get bag,Flex47,https://www.reddit.com/r/BSCMoonShots/comments/n6zwum/sat_saturna_previous_top_post_on_sub_has_huge/,"$SAT, Saturna - Previous top post on sub! Has huge potential for another big pump! Great brand new meme coin with nice site, great team, and solid tokenomics! Peak $15M marketcap, now at $7.3M, 3023 holders in only 5 hrs.",0.0,Neutral
67,2021-05-08 00:13:11,x check,Significant-One1325,https://www.reddit.com/r/CryptoMars/comments/n70c9g/sat_saturna_previous_top_post_on_sub_has_huge/,"$SAT, Saturna - Previous top post on sub! Has huge potential for another big pump! Great brand new meme coin with nice site, great team, and solid tokenomics! Peak $15M marketcap, now at $7.3M, 3023 holders in only 12 hrs. #1 Trending on CryptoMoonShots.",0.0,Neutral
14,2021-05-08 00:32:28,like token i have invest attract website structure idea healthy growth milestone similar contract layout bonfire there s giveaway twitter start pump hop quick guy,Capital_Adeptness_46,https://www.reddit.com/r/SatoshiStreetDegens/comments/n71wi1/sat_saturna_65_mill_market_cap_14_hours_old/,"$SAT, Saturna [6.5 mill market cap] [14 hours old] - Previous top post on CryptoMoonShot! Has huge potential for another big pump! Great brand new meme coin with nice site, great team, and solid tokenomics! Peak $15M marketcap, 3077 holders in only 14 hrs.",0.8519,Positive
83,2021-05-08 00:37:24,saveanimal 500k mc 10x potential will not society destroy environment community drive charity token fast grow team crypto enthusiast incredibly talente individual build strong community change world great coin 2021 teamwallets transparent management marketing partnership list application ecosystem growth weekly charitydonation choose community holder the greatness nation moral progress judge way animal treat mahatma gandhi transaction 4 add liquidity 3 reward holder 2 donate charity 1 marketing website wwwsaveanimalio telegram wwwtmesaveanimaltoken pancakeswap twitter wwwtwittercomsaveanimaltoken contract i would 0xaa2c290bf62b7d100d2d7f87b7223e3a71b737f7,DACapitalTrading,https://www.reddit.com/r/AllCryptoBets/comments/n7542a/saturna_on_its_next_moon_mission_out_of_82/,Saturna on it's next moon mission out of 82!,0.982,Positive
15,2021-05-08 00:45:47,in love community site,affablysurreal,https://www.reddit.com/r/SatoshiStreetDegens/comments/n71wi1/sat_saturna_65_mill_market_cap_14_hours_old/,"$SAT, Saturna [6.5 mill market cap] [14 hours old] - Previous top post on CryptoMoonShot! Has huge potential for another big pump! Great brand new meme coin with nice site, great team, and solid tokenomics! Peak $15M marketcap, 3077 holders in only 14 hrs.",0.6369,Positive
60,2021-05-08 00:46:17,saveanimal 500k mc 10x potential will not society destroy environment community drive charity token fast grow team crypto enthusiast incredibly talente individual build strong community change world great coin 2021 teamwallets transparent management marketing partnership list application ecosystem growth weekly charitydonation choose community holder the greatness nation moral progress judge way animal treat mahatma gandhi transaction 4 add liquidity 3 reward holder 2 donate charity 1 marketing website wwwsaveanimalio telegram wwwtmesaveanimaltoken pancakeswap twitter wwwtwittercomsaveanimaltoken contract i would 0xaa2c290bf62b7d100d2d7f87b7223e3a71b737f7,DACapitalTrading,https://www.reddit.com/r/cryptostreetbets/comments/n70qsi/sat_saturna_previous_top_post_on_sub_has_huge/,"$SAT, Saturna - Previous top post on sub! Has huge potential for another big pump! Great brand new meme coin with nice site, great team, and solid tokenomics! Peak $15M marketcap, now at $7.3M, 3023 holders in only 12 hrs. #1 Trending on CryptoMoonShots.",0.982,Positive
48,2021-05-08 00:48:44,safejizz jizz pancakeswap launched lp burn telegram go,,https://www.reddit.com/r/BSCMoonShots/comments/n6zwum/sat_saturna_previous_top_post_on_sub_has_huge/,"$SAT, Saturna - Previous top post on sub! Has huge potential for another big pump! Great brand new meme coin with nice site, great team, and solid tokenomics! Peak $15M marketcap, now at $7.3M, 3023 holders in only 5 hrs.",0.128,Positive
16,2021-05-08 00:50:14,saturna look promise,TrebuSenpai,https://www.reddit.com/r/SatoshiStreetDegens/comments/n71wi1/sat_saturna_65_mill_market_cap_14_hours_old/,"$SAT, Saturna [6.5 mill market cap] [14 hours old] - Previous top post on CryptoMoonShot! Has huge potential for another big pump! Great brand new meme coin with nice site, great team, and solid tokenomics! Peak $15M marketcap, 3077 holders in only 14 hrs.",0.3182,Positive
17,2021-05-08 01:04:10,saturna 82 moon sit saturna elonone,RooLeGarcon,https://www.reddit.com/r/SatoshiStreetDegens/comments/n71wi1/sat_saturna_65_mill_market_cap_14_hours_old/,"$SAT, Saturna [6.5 mill market cap] [14 hours old] - Previous top post on CryptoMoonShot! Has huge potential for another big pump! Great brand new meme coin with nice site, great team, and solid tokenomics! Peak $15M marketcap, 3077 holders in only 14 hrs.",0.0,Neutral
18,2021-05-08 01:04:45,great project,GorbEdits,https://www.reddit.com/r/SatoshiStreetDegens/comments/n71wi1/sat_saturna_65_mill_market_cap_14_hours_old/,"$SAT, Saturna [6.5 mill market cap] [14 hours old] - Previous top post on CryptoMoonShot! Has huge potential for another big pump! Great brand new meme coin with nice site, great team, and solid tokenomics! Peak $15M marketcap, 3077 holders in only 14 hrs.",0.6249,Positive
19,2021-05-08 01:11:54,fantastic community token,screwtapes_pens,https://www.reddit.com/r/SatoshiStreetDegens/comments/n71wi1/sat_saturna_65_mill_market_cap_14_hours_old/,"$SAT, Saturna [6.5 mill market cap] [14 hours old] - Previous top post on CryptoMoonShot! Has huge potential for another big pump! Great brand new meme coin with nice site, great team, and solid tokenomics! Peak $15M marketcap, 3077 holders in only 14 hrs.",0.5574,Positive
30,2021-05-08 01:24:09,,RedditDeep07,https://www.reddit.com/r/SatoshiStreetDegens/comments/n71wi1/sat_saturna_65_mill_market_cap_14_hours_old/,"$SAT, Saturna [6.5 mill market cap] [14 hours old] - Previous top post on CryptoMoonShot! Has huge potential for another big pump! Great brand new meme coin with nice site, great team, and solid tokenomics! Peak $15M marketcap, 3077 holders in only 14 hrs.",0.0,Neutral
31,2021-05-08 01:25:08,24 hour old token goodluck everyone let,RedditDeep07,https://www.reddit.com/r/SatoshiStreetDegens/comments/n71wi1/sat_saturna_65_mill_market_cap_14_hours_old/,"$SAT, Saturna [6.5 mill market cap] [14 hours old] - Previous top post on CryptoMoonShot! Has huge potential for another big pump! Great brand new meme coin with nice site, great team, and solid tokenomics! Peak $15M marketcap, 3077 holders in only 14 hrs.",0.0,Neutral
70,2021-05-08 01:25:40,safejizz jizz pancakeswap launched lp burn telegram go,,https://www.reddit.com/r/shitcoinmoonshots/comments/n7107y/sat_saturna_previous_top_post_on_sub_has_huge/,"$SAT, Saturna - Previous top post on sub! Has huge potential for another big pump! Great brand new meme coin with nice site, great team, and solid tokenomics! Peak $15M marketcap, now at $7.3M, 3023 holders in only 12 hrs. #1 Trending on CryptoMoonShots.",0.128,Positive
20,2021-05-08 01:28:03,max degen play tf strap rise 82 moon saturnus,Adrastosz,https://www.reddit.com/r/SatoshiStreetDegens/comments/n71wi1/sat_saturna_65_mill_market_cap_14_hours_old/,"$SAT, Saturna [6.5 mill market cap] [14 hours old] - Previous top post on CryptoMoonShot! Has huge potential for another big pump! Great brand new meme coin with nice site, great team, and solid tokenomics! Peak $15M marketcap, 3077 holders in only 14 hrs.",0.34,Positive
68,2021-05-08 01:34:13,safejizz jizz pancakeswap launched lp burn telegram go,,https://www.reddit.com/r/CryptoMars/comments/n70c9g/sat_saturna_previous_top_post_on_sub_has_huge/,"$SAT, Saturna - Previous top post on sub! Has huge potential for another big pump! Great brand new meme coin with nice site, great team, and solid tokenomics! Peak $15M marketcap, now at $7.3M, 3023 holders in only 12 hrs. #1 Trending on CryptoMoonShots.",0.128,Positive
21,2021-05-08 01:34:36,what s prediction one 100x here,sparklymagicalpanda,https://www.reddit.com/r/SatoshiStreetDegens/comments/n71wi1/sat_saturna_65_mill_market_cap_14_hours_old/,"$SAT, Saturna [6.5 mill market cap] [14 hours old] - Previous top post on CryptoMoonShot! Has huge potential for another big pump! Great brand new meme coin with nice site, great team, and solid tokenomics! Peak $15M marketcap, 3077 holders in only 14 hrs.",0.0,Neutral
49,2021-05-08 01:36:38,1b mc lets go,FeistyStatistician96,https://www.reddit.com/r/BSCMoonShots/comments/n6zwum/sat_saturna_previous_top_post_on_sub_has_huge/,"$SAT, Saturna - Previous top post on sub! Has huge potential for another big pump! Great brand new meme coin with nice site, great team, and solid tokenomics! Peak $15M marketcap, now at $7.3M, 3023 holders in only 5 hrs.",0.0,Neutral
22,2021-05-08 01:41:53,definitely rarest r1000xcoins,PrideOfElites,https://www.reddit.com/r/SatoshiStreetDegens/comments/n71wi1/sat_saturna_65_mill_market_cap_14_hours_old/,"$SAT, Saturna [6.5 mill market cap] [14 hours old] - Previous top post on CryptoMoonShot! Has huge potential for another big pump! Great brand new meme coin with nice site, great team, and solid tokenomics! Peak $15M marketcap, 3077 holders in only 14 hrs.",0.4019,Positive
23,2021-05-08 02:11:11,aped 10 m mcap hopefully comment age well i m bullish,ChrisMcD456,https://www.reddit.com/r/SatoshiStreetDegens/comments/n71wi1/sat_saturna_65_mill_market_cap_14_hours_old/,"$SAT, Saturna [6.5 mill market cap] [14 hours old] - Previous top post on CryptoMoonShot! Has huge potential for another big pump! Great brand new meme coin with nice site, great team, and solid tokenomics! Peak $15M marketcap, 3077 holders in only 14 hrs.",0.5859,Positive
24,2021-05-08 02:30:33,look small cap coin hide gem check llamaswap developper continously add stuff active github open feedback,Jelthebest,https://www.reddit.com/r/SatoshiStreetDegens/comments/n71wi1/sat_saturna_65_mill_market_cap_14_hours_old/,"$SAT, Saturna [6.5 mill market cap] [14 hours old] - Previous top post on CryptoMoonShot! Has huge potential for another big pump! Great brand new meme coin with nice site, great team, and solid tokenomics! Peak $15M marketcap, 3077 holders in only 14 hrs.",0.25,Positive
50,2021-05-08 02:35:18,pooexchange token miss safemoon 100x token presale live raise 290 bnb hour presale 100x gem miss opportunity lifetime 100x investment pooexchange affiliate poocoin chart system innovative exchange platform 100 deflationary token quarterly burn benefit holder tax bs currently go audit kyc compliant check dxsale drop comment let help community need influencer video release prior presale long hop rocket explore galaxy pooexchange pootoken platform consumer able register open account link outside wallet more join tg channel pooexchangeapp follow twitter moon buy dxsaleapplication website pooexchangeapplication chart,JohnThanistat,https://www.reddit.com/r/BSCMoonShots/comments/n6zwum/sat_saturna_previous_top_post_on_sub_has_huge/,"$SAT, Saturna - Previous top post on sub! Has huge potential for another big pump! Great brand new meme coin with nice site, great team, and solid tokenomics! Peak $15M marketcap, now at $7.3M, 3023 holders in only 5 hrs.",0.8622,Positive
51,2021-05-08 03:39:13,token take moon dayuuum,NXXBSVIBXT,https://www.reddit.com/r/BSCMoonShots/comments/n6zwum/sat_saturna_previous_top_post_on_sub_has_huge/,"$SAT, Saturna - Previous top post on sub! Has huge potential for another big pump! Great brand new meme coin with nice site, great team, and solid tokenomics! Peak $15M marketcap, now at $7.3M, 3023 holders in only 5 hrs.",0.0,Neutral
74,2021-05-08 03:48:53,safejizz jizz pancakeswap launch pump hard lp burn telegram go,,https://www.reddit.com/r/AllCryptoBets/comments/n70b0b/sat_saturna_previous_top_post_on_sub_has_huge/,"$SAT, Saturna - Previous top post on sub! Has huge potential for another big pump! Great brand new meme coin with nice site, great team, and solid tokenomics! Peak $15M marketcap, now at $7.3M, 3023 holders in only 12 hrs. #1 Trending on CryptoMoonShots.",-0.1027,Negative
25,2021-05-08 03:59:27,hyperion orbit mean distance 933000 mile 1500000 kilometer saturn calculation 24hrs there 5000 hodler 3rdmoon 79togo lightspeed,TheDeathwishCowboy,https://www.reddit.com/r/SatoshiStreetDegens/comments/n71wi1/sat_saturna_65_mill_market_cap_14_hours_old/,"$SAT, Saturna [6.5 mill market cap] [14 hours old] - Previous top post on CryptoMoonShot! Has huge potential for another big pump! Great brand new meme coin with nice site, great team, and solid tokenomics! Peak $15M marketcap, 3077 holders in only 14 hrs.",0.0,Neutral
61,2021-05-08 04:07:29,safejizz jizz pancakeswap launch pump hard lp burn telegram go,,https://www.reddit.com/r/cryptostreetbets/comments/n70qsi/sat_saturna_previous_top_post_on_sub_has_huge/,"$SAT, Saturna - Previous top post on sub! Has huge potential for another big pump! Great brand new meme coin with nice site, great team, and solid tokenomics! Peak $15M marketcap, now at $7.3M, 3023 holders in only 12 hrs. #1 Trending on CryptoMoonShots.",-0.1027,Negative
1,2021-05-08 04:12:49,hype saturna incredible meme game 100 base hype instead try shill 1 10000 safe clone pick new build moon mechanic new release specific holder count duhhhhh investment opinion,jtswizzy20,https://www.reddit.com/r/SatoshiStreetDegens/comments/n71wi1/sat_saturna_65_mill_market_cap_14_hours_old/,"$SAT, Saturna [6.5 mill market cap] [14 hours old] - Previous top post on CryptoMoonShot! Has huge potential for another big pump! Great brand new meme coin with nice site, great team, and solid tokenomics! Peak $15M marketcap, 3077 holders in only 14 hrs.",0.4404,Positive
52,2021-05-08 08:14:40,incredible start go to crazy moon,NoviceCollect0r,https://www.reddit.com/r/BSCMoonShots/comments/n6zwum/sat_saturna_previous_top_post_on_sub_has_huge/,"$SAT, Saturna - Previous top post on sub! Has huge potential for another big pump! Great brand new meme coin with nice site, great team, and solid tokenomics! Peak $15M marketcap, now at $7.3M, 3023 holders in only 5 hrs.",-0.34,Negative
53,2021-05-08 08:21:12,chart link,geeman9333,https://www.reddit.com/r/BSCMoonShots/comments/n6zwum/sat_saturna_previous_top_post_on_sub_has_huge/,"$SAT, Saturna - Previous top post on sub! Has huge potential for another big pump! Great brand new meme coin with nice site, great team, and solid tokenomics! Peak $15M marketcap, now at $7.3M, 3023 holders in only 5 hrs.",0.0,Neutral
26,2021-05-08 09:49:18,sure buy right always verify contract address real fake,mbom777,https://www.reddit.com/r/SatoshiStreetDegens/comments/n71wi1/sat_saturna_65_mill_market_cap_14_hours_old/,"$SAT, Saturna [6.5 mill market cap] [14 hours old] - Previous top post on CryptoMoonShot! Has huge potential for another big pump! Great brand new meme coin with nice site, great team, and solid tokenomics! Peak $15M marketcap, 3077 holders in only 14 hrs.",-0.2023,Negative
75,2021-05-08 14:12:13,safejizz jizz pancakeswap launch pump hard lp burn telegram go,,https://www.reddit.com/r/CryptoCurrencyTrading/comments/n70xwk/sat_saturna_previous_top_post_on_sub_has_huge/,"$SAT, Saturna - Previous top post on sub! Has huge potential for another big pump! Great brand new meme coin with nice site, great team, and solid tokenomics! Peak $15M marketcap, now at $7.3M, 3023 holders in only 12 hrs. #1 Trending on CryptoMoonShots.",-0.1027,Negative
27,2021-05-08 17:32:00,i m subreddit,StonksRocketeer,https://www.reddit.com/r/SatoshiStreetDegens/comments/n71wi1/sat_saturna_65_mill_market_cap_14_hours_old/,"$SAT, Saturna [6.5 mill market cap] [14 hours old] - Previous top post on CryptoMoonShot! Has huge potential for another big pump! Great brand new meme coin with nice site, great team, and solid tokenomics! Peak $15M marketcap, 3077 holders in only 14 hrs.",0.0,Neutral
62,2021-05-08 18:06:14,come on potential let 1000x,Left_Blackberry_4196,https://www.reddit.com/r/cryptostreetbets/comments/n70qsi/sat_saturna_previous_top_post_on_sub_has_huge/,"$SAT, Saturna - Previous top post on sub! Has huge potential for another big pump! Great brand new meme coin with nice site, great team, and solid tokenomics! Peak $15M marketcap, now at $7.3M, 3023 holders in only 12 hrs. #1 Trending on CryptoMoonShots.",0.0,Neutral
54,2021-05-08 18:06:33,come guy throw couple buck hundred 24 hour,Left_Blackberry_4196,https://www.reddit.com/r/BSCMoonShots/comments/n6zwum/sat_saturna_previous_top_post_on_sub_has_huge/,"$SAT, Saturna - Previous top post on sub! Has huge potential for another big pump! Great brand new meme coin with nice site, great team, and solid tokenomics! Peak $15M marketcap, now at $7.3M, 3023 holders in only 5 hrs.",0.0,Neutral
71,2021-05-08 18:07:08,come guy throw couple dollar hundred potential join community,Left_Blackberry_4196,https://www.reddit.com/r/shitcoinmoonshots/comments/n7107y/sat_saturna_previous_top_post_on_sub_has_huge/,"$SAT, Saturna - Previous top post on sub! Has huge potential for another big pump! Great brand new meme coin with nice site, great team, and solid tokenomics! Peak $15M marketcap, now at $7.3M, 3023 holders in only 12 hrs. #1 Trending on CryptoMoonShots.",0.296,Positive
76,2021-05-09 05:35:05,shill token here thank,Unbound96,https://www.reddit.com/r/BonfireToken/comments/n81w6h/another_up_and_coming_token/,Another up and coming token?,0.3612,Positive
77,2021-05-09 05:38:42,great idea craft beer laugh loud yah i have hear saturna invest look promise thank,Capital_Adeptness_46,https://www.reddit.com/r/BonfireToken/comments/n81w6h/another_up_and_coming_token/,Another up and coming token?,0.91,Positive
28,2021-05-09 09:16:49,let go,TheBigChiefa,https://www.reddit.com/r/SatoshiStreetDegens/comments/n71wi1/sat_saturna_65_mill_market_cap_14_hours_old/,"$SAT, Saturna [6.5 mill market cap] [14 hours old] - Previous top post on CryptoMoonShot! Has huge potential for another big pump! Great brand new meme coin with nice site, great team, and solid tokenomics! Peak $15M marketcap, 3077 holders in only 14 hrs.",0.0,Neutral
29,2021-05-09 20:05:32,definitely get bag,jawn1812,https://www.reddit.com/r/SatoshiStreetDegens/comments/n71wi1/sat_saturna_65_mill_market_cap_14_hours_old/,"$SAT, Saturna [6.5 mill market cap] [14 hours old] - Previous top post on CryptoMoonShot! Has huge potential for another big pump! Great brand new meme coin with nice site, great team, and solid tokenomics! Peak $15M marketcap, 3077 holders in only 14 hrs.",0.4019,Positive
55,2021-05-10 09:13:01,listen,spedmonkeeman,https://www.reddit.com/r/BSCMoonShots/comments/n6zwum/sat_saturna_previous_top_post_on_sub_has_huge/,"$SAT, Saturna - Previous top post on sub! Has huge potential for another big pump! Great brand new meme coin with nice site, great team, and solid tokenomics! Peak $15M marketcap, now at $7.3M, 3023 holders in only 5 hrs.",0.0,Neutral
78,2021-05-10 09:16:54,bonfire continue set new ath saturna follow path cryptos portfolio winner together dyor saturna and bonfire knock zero saturn moon,Slave2theSave,https://www.reddit.com/r/BSCcryptoListings/comments/n8usvb/it_was_as_clear_as_the_night_sky_saturna/,It was as clear as the night sky… Saturna expectedly pushed past its ATH to $45M and is on the breaking upwards again. Is this the next Bonfire??,0.5859,Positive
79,2021-05-10 09:23:33,beautiful,fallenmask,https://www.reddit.com/r/BSCcryptoListings/comments/n8usvb/it_was_as_clear_as_the_night_sky_saturna/,It was as clear as the night sky… Saturna expectedly pushed past its ATH to $45M and is on the breaking upwards again. Is this the next Bonfire??,0.5994,Positive
80,2021-05-10 09:23:42,honestly saturna big room growth,ExcellentGuyYea,https://www.reddit.com/r/BSCcryptoListings/comments/n8usvb/it_was_as_clear_as_the_night_sky_saturna/,It was as clear as the night sky… Saturna expectedly pushed past its ATH to $45M and is on the breaking upwards again. Is this the next Bonfire??,0.6808,Positive
81,2021-05-10 09:29:20,let goooo,treecitykid,https://www.reddit.com/r/BSCcryptoListings/comments/n8usvb/it_was_as_clear_as_the_night_sky_saturna/,It was as clear as the night sky… Saturna expectedly pushed past its ATH to $45M and is on the breaking upwards again. Is this the next Bonfire??,0.0,Neutral
82,2021-05-10 11:45:46,twitter raid 15 minute saturna,Capital_Adeptness_46,https://www.reddit.com/r/BSCcryptoListings/comments/n8usvb/it_was_as_clear_as_the_night_sky_saturna/,It was as clear as the night sky… Saturna expectedly pushed past its ATH to $45M and is on the breaking upwards again. Is this the next Bonfire??,0.0,Neutral
