,comment,Polarity,Analysis
0,load,0.0,Neutral
1,buy 2 trillion token 300 bux,0.0,Neutral
2,soon money ahahahah gogo saturna,0.0,Neutral
3,absolutely wild saturn,0.0,Neutral
4,10x laugh fuck ass safemoonbonfire better,-0.128,Negative
5,can not saturna balance trust wallet,-0.4023,Negative
6,do not price trust wallet say wrap bnb have problem,-0.6599,Negative
7,saturna,0.0,Neutral
8,001 soon,0.0,Neutral
9,wait high go,0.0,Neutral
10,help millions trust wallet account say 06 coin,0.7184,Positive
11,check bonfire token,0.0,Neutral
12,moon,0.0,Neutral
13,get,0.0,Neutral
14,new in let,0.0,Neutral
15,600 day,0.0,Neutral
16,8x its fucking blowing safemoonbonfire,0.0,Neutral
17,pick 24b,0.0,Neutral
18,new look small coin skeptical complete scam massive pump dump willing risk money,-0.8658,Negative
19,saturna moon,0.0,Neutral
20,saturna token,0.0,Neutral
21,yeah bois,0.296,Positive
22,love get early saturna great website great community rug proof hit new level time go ath ath,0.9246,Positive
23,subscribed buy stuff video look like guy follow,0.3612,Positive
24,happycoin young coin market wholesome own lot stuff come good cause too,0.4404,Positive
25,just worry buy happy,0.2023,Positive
26,happy,0.5719,Positive
27,enjoy video actually tired worrying stock stuff drive nuts day think crypto investment far well stock,-0.3182,Negative
28,brickchain check christ gem out,0.0,Neutral
30,sat,0.0,Neutral
31,sell 110k worth its drop hard,-0.1531,Negative
32,buy,0.0,Neutral
33,buy 8bil,0.0,Neutral
34,check gmr finance,0.0,Neutral
35,let bonfire light way bonfiretoken,0.0,Neutral
36,fuck pump dump i m early i m go to 100x money,-0.7269,Negative
37,share video guy,0.296,Positive
38,1 cent really _ _ look supply,0.0,Neutral
39,literally pick fast,0.0,Neutral
40,holy shit wait youtuber pickup gem,-0.5574,Negative
41,pick immediately,0.0,Neutral
42,doubt mind go bull btcis go nuclear lot people wonder good time buy price right now outrightly wrong sit hodl wait maybe incur loss line wrong mindset investor investor finding way increase stack coin make proft way lifethat say market christ moment ill advise current investor newbie advantage brian clarke gate astrofxc trader pro trader run train program investorsnewbie lack understanding trading bitcoin work help recover loss crash accumulate bitcoin program go have 13btc 5btc 9 week reach reach telegrm briangatesfx let best,-0.7003,Negative
43,let gooooo saturna chan,0.0,Neutral
44,thank video bro look this nice addition safemoon gmr,0.6956,Positive
45,laugh loud,0.5574,Positive
46,register binance 5 trading fee life thank watch let know question,0.3612,Positive
47,let goooo,0.0,Neutral
49,coin ridiculous potential,-0.3612,Negative
50,saturna smash board early like 2 day 125k holder,0.3612,Positive
51,trustwallet coin money change that,0.0,Neutral
52,saturna happy coin 420x nftart elongate good project there thank later,0.8442,Positive
53,dude get to like thing annoying,-0.0516,Negative
56,bonfire bon fire,-0.34,Negative
57,scam 2 night 6,-0.5719,Negative
58,swap smart chain saturna recieve wrong saturna coin recieve 6831000000 coin recieve 68315 familiar this,-0.1027,Negative
59,scam price,-0.5719,Negative
60,price,0.0,Neutral
62,wait sat climb,0.0,Neutral
63,see saturna team can not find team website nice scam real skeptical,-0.4939,Negative
65,cop moon,0.0,Neutral
66,were go crazy 3x day early,-0.34,Negative
67,bonfire,0.0,Neutral
68,concept buying dip buy digital asset price sell price rise current market down hold profitable trading far profitable grasp knowledge trading crypto asset early enough limited lack technical understanding analyse digital market change encounter daniel wright services numerous services daniel wright stand experience expertise play favour confess easy task learn route trading assistance daniel easier understand detail tel gram danielwrightfx,0.9485,Positive
69,trust wallet purchase it,0.5106,Positive
70,hmm dump bit rn its pretty new 15 billion much hold seeing go,0.1531,Positive
71,ill honest website look legit token moon video sheesh buy some,0.128,Positive
72,huge,0.3182,Positive
73,11k mcap 5 hrs,0.0,Neutral
74,launch,0.0,Neutral
75,website design intriguing,0.0,Neutral
76,wow notifications space man back allllll,0.5859,Positive
77,3x right,0.0,Neutral
78,troll christ see activity get 28 121 user 500,0.0,Neutral
79,5 deposit bonus binance browser feature work paste safari trustbrowser_enable,0.5423,Positive
80,version 1 2 pancakeswap matter all,0.0258,Neutral
81,sit early get brainer,0.0,Neutral
82,insane,-0.4019,Negative
83,wait hour wallet idea,0.0,Neutral
84,hey man buy saturna trustwallet help i m desperate,0.1027,Positive
85,go hugeee early hold long time,0.0,Neutral
86,saturna best find growth otherworldly,0.7783,Positive
87,good feeling project,0.5267,Positive
88,coin rocket ground hurry buy,0.0,Neutral
89,what,0.0,Neutral
90,beware scammer logo ask crypto phone number,0.0772,Positive
92,safemoon bonfire do not need,0.0,Neutral
94,check moonride mrd token christ its community drive community positive token get release today may 9,0.5574,Positive
95,100010x 100x,0.0,Neutral
96,jaguarswap,0.0,Neutral
97,look promise token amd safemoon cash,0.3182,Positive
98,video spacechain,0.0,Neutral
99,check hotdoge y all explode soon,0.0,Neutral
100,checkout udt true 1000x,0.4215,Positive
101,reckon hit 02,0.0,Neutral
102,fundraiser project ignite list project fundraise list cryptorank high gain 180x actually look chart high gain understand,0.7783,Positive
103,zeppelin dao,0.0,Neutral
104,pi laurence1991 bee laurence1991 let check mobile application its go to worth future,0.2263,Positive
105,truebit protocol,0.0,Neutral
107,fwd accord reddit discord ankr dogecoin movement ankr army fund start transfer ankr doge whale sunday time musk snl appearance reddit profit ankr wave hit event apparently orchestrate ride saturday night ankr watch list ready move,0.4019,Positive
108,100x coin ndn link bay look profit mount,0.4404,Positive
109,buy isp token help,0.4019,Positive
110,ewt energy web token future crypto,0.2732,Positive
111,thought 100xcoin meme coin nft exchange launchpad coin exchange christ alliance group sponcere sportsmusic movie star,0.0,Neutral
112,isp moon,0.0,Neutral
113,hi nice video quick question know new crypto come out place find information thank e nice video,0.7964,Positive
114,talk mina protocol,0.0,Neutral
115,hypermeteor 1000x gem soon list,0.0,Neutral
116,simon say pin,0.0,Neutral
117,gamesafe,0.0,Neutral
118,alt coin pls help,0.4588,Positive
119,platform trade,0.0,Neutral
120,de begin price low right hold dump matter early right wrong,-0.7717,Negative
121,check earlybsc auto liquidity generating protocol real utility christ blockchain kycd launchpad revolutionary investment fund,0.0,Neutral
122,chestercoin ctrfi,0.0,Neutral
123,chestercoin ctrfi please analyze,0.3182,Positive
126,thing go 100x fist nose stop waste everybodys time clickbait sheit,-0.6124,Negative
127,moonshot token,0.0,Neutral
128,video like include small tutorial buy token helpful,0.6486,Positive
129,buy it,0.0,Neutral
130,think omi dego finance,0.0,Neutral
131,can not buy pancakeswapthe do not appear,0.0,Neutral
132,bot,0.0,Neutral
133,cheer young dude,0.5106,Positive
134,think acria project,0.0,Neutral
136,100x good luck job base coin have not well do not hear max supply metric presale price comparison token similar key thing add video like instead say 100x title look truebit true gem that will melt face 2021,0.855,Positive
137,buy memepad big ido launchmepad moon,0.0,Neutral
138,news new coin launch,0.0,Neutral
139,thought eclipse,0.0,Neutral
140,bullish blockbank,0.0,Neutral
141,,0.0,Neutral
142,polymar 14x 5hrs,0.0,Neutral
143,bbank team found avve coin team,0.0,Neutral
144,video 100x altcoin far pump dump scams trust you,-0.4767,Negative
145,hey check this yolo christ pancake swap everytime sell 10 holdback sell new now let guy know look late not,0.3346,Positive
146,2 coin call actually atleast 50x list pancake uniswap,0.0,Neutral
147,available uniswap christ pancake,0.0,Neutral
148,thank bro,0.3612,Positive
149,check milk token new charity token great potential great team,0.9001,Positive
150,check out honest fox ath 20x week greed big end 10x,0.1531,Positive
151,thank share,0.5719,Positive
152,do not ispolink coinmarketcap,0.0,Neutral
154,xrp,0.0,Neutral
155,second,0.0,Neutral
157,saturna safemoon subscribe think yess,0.0,Neutral
158,pappmobile token payment system mobile application price miss,-0.1531,Negative
159,yo man update think bonfire play,0.34,Positive
160,pappmobile token new gem invest early gain,0.5267,Positive
161,were fly,0.0,Neutral
162,thank much buy 100usd worth instead get 800000000 get 0800000000 trust wallet normal value 100 usd weird,0.8126,Positive
163,pappmobile fire 5k hodler 3 week 14 m marketcap early jump in you re interesting buy sure use pancakeswap v1 pappmobile,0.3818,Positive
164,crypto future invest crypto lucrative way make money,0.0,Neutral
165,buy now thank later,0.3612,Positive
167,share video saturna telegram group hope follower help coin way saturna,0.7783,Positive
168,thank video saturna go to pump,0.3612,Positive
169,saturna go moon,0.0,Neutral
170,saturna go ballistic join ride miss out,0.1531,Positive
171,perfect,0.5719,Positive
172,sell safemoon bring bonfire 10x day coin lot potential early enjoy ride moon,0.4939,Positive
173,bonfire kill it buy saturna today aswell,-0.6908,Negative
174,look good saturna,0.4404,Positive
175,stratosphere vibes guy,0.0,Neutral
176,saturna fucking moonnnnnnn,0.0,Neutral
178,love hear think abt current gmr chart look stable right,0.7506,Positive
179,buy touched line amazing nonfinancial advise,0.5859,Positive
180,bonfire lets,0.0,Neutral
181,incredible buy today video right away saturna bonfire thank share,0.5719,Positive
182,careful new coin safemoon baby,0.1531,Positive
184,bonfire let ffff gooooo,0.0,Neutral
185,raptor finance lets goooooooo,0.0,Neutral
186,current bullish run identical previous two remember previously robinhood application or coinbase pro robinhood gme stock buying lead mass exodus robinhood alternative application time bit hear it well people use binance bybit shorting bit platform level bull market potentially bite its sincere question find answer loss moment pi indicator indicate bitcoin top observation bitcoin halve cycle 4 month bull run so pi indicator and bitcoin repeat similar bull run 2013 mean local relatively close time end bull run mid yeari able gain knowledge tradlng crypt0 asset early enough stucke massive loss lack technical understanding analyze digital market change encounter renato jace service numerous services renato jace stand experienced expertise field confess easy task learn route trading assistance earn lot    a renatojace w p 1 5 5 1 2 8 7 6 2 0 2,0.8176,Positive
187,3x token,0.0,Neutral
189,coin better safemoon long soon peak ath 5 hour laugh loud,0.7579,Positive
190,check ummmmi think wait sec release info team anything atleast bonfire get team actual live video love jump scam go on wait see,0.128,Positive
191,purchase loads trust wallet say 06 coin help,0.7184,Positive
192,safemoon papp mobile new 1000x gem project papp,0.0,Neutral
193,buy yeet,0.0,Neutral
194,token crazy get start rocket soon enough,-0.34,Negative
195,bonfire let people take whitebit list wednesday do not miss one,0.1139,Positive
196,pappmobile mars,0.0,Neutral
197,sat actually 3 day old able mad early,-0.4939,Negative
198,pappmobile,0.0,Neutral
199,saturna move perfectly bonfire vibes one,0.6369,Positive
200,saturna de way,0.0,Neutral
202,invest brother,0.0,Neutral
203,pappmobile super project 1000x convenient papp pappmobile,0.5994,Positive
205,pappmobile great projectx1000 possiblego moon guy,0.6249,Positive
206,money i m make truly crazy i m happy jump project its early day,0.6369,Positive
208,pappmoble papp payment system mobile application real business model price 00000018 100x pappmobile,0.0,Neutral
209,dip sat get eat easily moooon,0.34,Positive
210,saturna honestly shock me 5k profit day investment,0.5106,Positive
211,hold 24b,0.0,Neutral
213,papp mobile 1000x token,0.0,Neutral
214,great real project review papp pappmobile,0.6249,Positive
216,insane growth saturna fuckin saturn,-0.0258,Neutral
217,doxxed team perfect project time 1000x pappmobile,0.5719,Positive
219,doxxed team perfect project time 1000x papp,0.5719,Positive
220,let fuck gooooo,-0.5423,Negative
222,look papp mobile great potential way clear,0.7717,Positive
223,pappmobile 1000x gem,0.0,Neutral
225,look good,0.4404,Positive
226,get right i m crazy its literally beginning,-0.34,Negative
227,saturnaaaaaaa,0.0,Neutral
228,shit go moon leave go mainstream exchange yet,-0.5859,Negative
229,yes saturna go to safemoon bonfire watch,0.4019,Positive
230,like subscribe let week start sign webull 2 free stock rak miner calchip 3 order use code dejanm,0.7003,Positive
231,pappmobile papp payment system mobile application real business model price 00000018 100x pappmobile,0.0,Neutral
232,pappmobile explode rn aswell pappmobile,0.0,Neutral
233,tc price prone volatile swing make historically popular trader speculate on accord bitcoin halving cycle 4 month bull run so pi indicator and bitcoin repeat similar bull run 2013 mean local relatively close time end bull run mid year lnvestor trader find difficult decide good utilize current market hold profitable tradlng far profitable able grasp knowledge trading crypt0 asset early enough do not think possible constant win tradlng till come barret ezells program investorsnewbie lack understanding trading b tc work help stack bit late year till date 19tc 26tc mark help easily a barretezell01 email,0.9628,Positive
234,more check pappmobile absolute gem coin lovely community amazing team,0.8225,Positive
235,video bao finance look promise great community discord channel,0.5719,Positive
236,vet icx tfuel,0.0,Neutral
237,octans octa fire guy certik pre audit finished whitebit bitmart coinbit list come up nft marketplace make feature nft disney starwar marvel exclusive gaming accessory check octa_cast video,0.2263,Positive
238,rtf gaia coin,0.0,Neutral
239,use fixhackserve nsta get 1000usd christ service,0.0,Neutral
240,get bitcoin successfully deal fixhackserve nstagram they re test trusted hacker,0.743,Positive
241,saturna 100x,0.0,Neutral
242,profit invest professional realsourceinvestmentorg they manage handle investment huge profit,0.7964,Positive
243,its reputable site work 5btc realsourceinvestmentorg hour i m awe,0.0,Neutral
244,moonstar moon,0.0,Neutral
245,doge pump pump pumpppp,0.0,Neutral
246,crypto definitely game changer start bitcoin etherwum year ago look forever grateful knowledge crypto trading investment help brokeri earn 4 figure weeklyalway stay positive,0.9001,Positive
247,cryptocurrency forex trade big chance money nowadays point time learn it strange people talk profit make trading bitcoin make profit all right path tell wrong,0.4404,Positive
248,learnt manage money investment work me,0.0,Neutral
249,current increase market cryptocurrency ultimately reserve currency bank play role gold early day bank bank issue digital cash great anonymity light weight efficient transaction,0.891,Positive
250,legit trustworthy fixhackserve teegram,0.5574,Positive
251,eminer coin,0.0,Neutral
252,investment step stone success wait government provide big waste,0.2263,Positive
253,invest crypto good lucrative way make money now,0.4404,Positive
254,xrp see buying 131 push chart buyer unable topple 175 resistance lead bearish pressure 20sma 50sma offer support chance breakdown awesome oscillator note say bearish pressure halfline lead unfavorable outcome tradlng volume exchange show muted activity prce hike table come session instead focus different support line southbound 153 support xrp head defensive line 145 strong region support reside 131 200sma obv steady uptrend late april buying pressure likely counter longterm move average service sgnal provider johnson biden stand experience expertise play favor confess easy task learn route tradlng assistance bryant easy understand johnson expert trader finance journalist find free course tradlng google come handy nvestor reach y all reach teiegram johnsonb797 w 17786541566 crypto relate inquiry,0.9801,Positive
255,strategy key element long term successful tradingbinary optionforex cryptocurrency,0.5859,Positive
256,xrp see buying 131 push chart buyer unable topple 175 resistance lead bearish pressure 20sma 50sma offer support chance breakdown awesome oscillator note say bearish pressure halfline lead unfavorable outcome tradlng volume exchange show muted activity prce hike table come session instead focus different support line southbound 153 support xrp head defensive line 145 strong region support reside 131 200sma obv steady uptrend late april buying pressure likely counter longterm move average service sgnal provider bryant miller stand experience expertise play favor confess easy task learn route tradlng assistance bryant easy understand bryant expert trader finance journalist find free course tradlng google come handy nvestor reach gmil bryantmillertradegmailcom TelegraM bryantmillertrade assistance strictly crypt0 relate concern,0.9799,Positive
257,check gobuck anti whale rug pull max buy sell 500b couple day old like opinion it,0.0516,Positive
259,think literally save life graham i have struggle find way out i m currently anda wait certify covid stuff support grandma do not turn help i have try save can not bill rent apartment everything this literally help look bright future grandma crippled work anything people parent turn do not talk mom dad literally help meet realsourceinvestmentorg real issue debt solve week sure june birthday home owner,0.9252,Positive
260,44 year old married 11 year 2 child year marriage 3 car steal car flood year later rent house car flood couple year we swim house nore 20hour life 2015 110k debt student loan car credit card now 2019 50k debt student loan car we have watch penny past 4 year we have cut 60k debt 45 able buy house child teenager sad debt make happy child go struggle us old world know wife learn past 11 year indriq jason want stress us come online introduce realsourceinvestmentorg talk get perfect credit score combination wife,-0.8225,Negative
261,mainstays crypt0markets top10 trx 18th coinmrketcap chart altc0 in uptrend past month like rest mrket prce movement have not steep movement alt vechin chainlink uni month april bullish trx alt climb 45 week however trx recover correction later set in alt late prce accompany illsupporte tradlng volumes parabolic sars dot marker highlight bearishness mrket placement prce rsi hold firm oversold overbought zone troand news recently tether blockchain surpass volume yousdt eth do not think possible constant gain tradlng till come expert vincente sanz trde signal help newbie nvestor increase portf0lio happy person able build crypt0 asset start trde sgnal obviously best freetrde course find internet handy tool minded trder check want profitable crypt0 nvestment reach website realsourceinvestment org trading course,0.9776,Positive
263,time moment memory live fori get mtcn realsourceinvestmentorg thank give memory cherish forever,0.6249,Positive
264,day long selloff stock market intensify treasury yield rise federal reserve chairman jerome powell reiterate intention keep central bank easymoney policy place sp 500 decline 09 consecutive day decline nasdaq composite fall 17 teetered edge correctiona drop 10 recent high techheavy gauge track fall 1 consecutive session time september 2020 dow jones industrial average lose 300 point 1 accord stock analyst mister larren stock market fall treasury yield will not stop rise yous private sector add job february weakerthanexpecte pace warn new stock buyer careful picture clear profit trading stock strategy instead panic selling advice multiply little realsourceinvestmentorg strategy able 7015btc 10034btc 3 week stock trading strategy,0.2705,Positive
265,lost job 2 week ago money feed family suffer financial situation come thank god fear group hacker realsourceinvestmentorg help us thank sir god,0.2263,Positive
266,stay calm daily market price change easy feeling bottle in strongly believe bitcoin go enter 70kusd record midyear personal opinion lot friend holder currently go crazy sudden drop price follow rise firstly suppose emotionally entangle market chartsprice good realization work correct early year secondguesse opportunity crypt o trading come way energy channel trading bitcoin daily gulden ta expert rick allen jr portfolio go approximately 2bltcoin 7bltcoin month suggest newbie old holder trad e expert people truly easy require time gulden mentor like realsourceinvestmentorg,0.9666,Positive
268,1 4 3 4 2 2 3 4 5 2 6,0.0,Neutral
270,crypto market come appeal investor seek lowcorrelation asset diversify portfolio outrightly wrong sit hodl wait maybe incur loss line wrong mindset investor investor finding way increase stack coin makn proft way life experience trader doubt long short position condition bull market unlike see get tip hand raymond anthony he s step ahead trader fully monitor trade avoid make mistake lose money earning increase dra tically 101 christ 487bitcoin 2 month day confidence tradn ability easily    raymondsam1,-0.0679,Negative
271,kudos fixhackserve ig,0.5106,Positive
272,people kick week miss opportunity buy invest bitcoin,0.296,Positive
273,get money fixhackserve nstagram,0.0,Neutral
274,they re promise get scamme thank sir get know chingyingtech telegram bring happiness wealth family receive 10btc,0.891,Positive
275,realize helpful mei need time hackbycharly0 ig reliable trustworthy honest,0.8658,Positive
276,bitcoin gold moreno classic50x,0.0,Neutral
277,mrs jennifer smith legit method work like magic earn single week new strategy,0.3612,Positive
278,exit point,0.0,Neutral
279,invest crypto lucrative way make money,0.0,Neutral
280,hbar move month,0.0,Neutral
281,heey cover superfarm think great defi nft project cheap true hidden gem alt bull run,0.7845,Positive
282,look decent return short long term look cardano ada potential 2 5 week 2 month time frame like buy eth 20,0.3612,Positive
283,2020 rough year market bitcoin outperform jpmorgan goldman sachs majority yous financial sector stock historically traditional market analyst old school investor tend look bitcoin cryptocurrencie wary eye crypto pundit attempt comparison investor apple orange argumenttake example warren buffett time say bitcoin ponzi scheme produce value accord traditionalist compare bitcoin apple tesla bank stock like jpmorgan irrational employ workers produce product generate revenue dividend distribute shareholder despite argument simple fact remainsbitcoin strong year digital asset outperform financial stock 2021 considerable increase institutional demand investor belief christ exponential growth potential asymmetrical price action face global economic uncertainty well profit tradn me advise multiply little mister fernando rafael strategy able 9btc 15btc 5 week day trading strategy reach te l e gr bernxtradex insight look forward 2021 hard know exactly real crash happen,0.9376,Positive
284,silence safemoon deafen laugh loud,0.5574,Positive
285,invest crypto wise individual list month time you will ecstatic decision today,0.7506,Positive
286,baby shark token token good community invest regret doubt it,-0.34,Negative
287,profit take sell juice,0.4404,Positive
288,5 portfolio uranium doge coin advice doge coin grow 300k capital million dollar,0.0,Neutral
289,you re 2021 invest bitcoin you re late better late never,0.4404,Positive
290,year so people definitely kick regret miss opportunity buy invest cryptocurrency,0.3353,Positive
291,what s opinion bax babb,0.0,Neutral
292,yeah good big man great experience hackeryunho telegram guy change life today rich investor crypto,0.9153,Positive
293,bonfire go crazy,-0.34,Negative
294,hey chack spartan protocol go to 10x soon mark word,0.0,Neutral
295,good point madebut look certain perspective come mother coin b tc newbies undermine neglect importance technical analysis regard trade technical analysis overly predict movement asset price regardless happen wide broad market essentially process involve study path particular asset movement past establish sustainable pattern predict future movement asset technical analysis difficult newbiestraders neglect day trading coin stick hodle dangerous market go bearish loose investment strongly advise newbietrader buy dip trader wonder enter market old time trader holder seek help trader establish trade expert 89 trade accuracy undergo series trading lose good talk introduce trading analyst mister carruthers contact hallmark year me careful guide signal service able recover loss grow trade portfolio massively 12 christ 56 christ 2 week advice trader esp newbie orientation trading involve it mister carruther make learn daily profit signal reach        carruthers2 inquiry profitable trading strategy,0.7964,Positive
296,sure bonfire immediate radar blow 3 day straight pump dumplong term plan real use case read white paper website,0.4939,Positive
297,everyone talk cardano think go drop bag bonfire real usecase active community 100k holder early laugh loud ill compare coin gain bonfire month time,0.7003,Positive
298,buy bonfire go light good profit ever go moon together,0.7003,Positive
300,hop bonfire train stay cozy go hyper speed,0.0,Neutral
301,check bonfire video it exponential growth 48 hrs 300 exceptional community incredible team project go enjoy,0.7003,Positive
302,dejan video bonfire,0.0,Neutral
303,bonfire check amas chart whitepapaer chart amazing,0.5859,Positive
304,bonfire token it crazy potential here great project doxe dev project actual real use suggest read this look it regret,-0.0258,Neutral
305,bonfire fire 134k hodler 2 week 150 m marketcap early jump in you re interesting buy sure use pancakeswap v1 bonfire,0.3818,Positive
306,bonfire worth look at potential future long term sure,0.4939,Positive
307,bonfire pump dump research,-0.3818,Negative
308,bonfire gem great roadmap serve different purpose defi space 100x sure,0.7506,Positive
309,check bonfire new upcoming project massive active community doxxe team expert set 10x month,0.4019,Positive
311,yo guy bonfire worth look into excited future recommend check pick momentum 100000k holder ama screenshot firestarter beta application come week,0.7003,Positive
312,lets bonfireee,0.0,Neutral
313,bonfire look honest here buy bonfirecheck whitepaperroad map ama disappoint you 2 week old token purpose 135k hodelrs dev doxe miss out choice,-0.0,Neutral
314,admire effort video mate digital currency continue reshape world globally hard go day trader perspective feel need expert field update newbie community work crypto currency gradually move big price surge past month begin great thing come lot person skeptical buyin market late buy asset you re hold trading late buy trader right strategy indicator earn big regardless market price bull bear trade signal trade expert mister josh trading signal guide signal service 500k worth crypto asset month crypto incline issue contact mister josh crypto expert via whatsapp 17406170335,0.886,Positive
315,think ada,0.0,Neutral
316,holochain that shame,-0.4767,Negative
317,nucypher,0.0,Neutral
319,long break,0.0,Neutral
320,neo rlly good go lie,0.4404,Positive
321,tip real time hour behind live these,0.0,Neutral
322,oh god network,0.2732,Positive
323,think aion buy,0.0,Neutral
324,think eos 100 summer,0.0,Neutral
327,think coin moonfighter website moonfighter twitter moonfighter medium moonfighter instagram moonfighter bscscan,0.0,Neutral
330,pixl great fundamental project,0.6249,Positive
331,look mdt real use case data new oil list binance super undervalued midday,0.5994,Positive
332,buy some early timing everything,0.0,Neutral
333,bonfire spore finance safemoon cash,0.0,Neutral
334,bonfire amazing,0.5859,Positive
335,ooh like good,0.6597,Positive
336,check taraxa protocol new coin huge potential,0.3182,Positive
337,bctr ready explode,0.3612,Positive
338,think cypherpunk hodl 350 christ seedinvestor chia network chia coin replace christ,0.0,Neutral
339,shiba shiba inu coin go moon 400x 24 hrs uptill now,0.0,Neutral
340,buy explode moonfighter,0.0,Neutral
341,buy moonfighter early 100x possible,0.0,Neutral
342,moonfighter,0.0,Neutral
343,amazing community dev buy hold moonfigther,0.5859,Positive
344,ape,0.0,Neutral
345,bonfire fantastic project renew road map whitepaper doxd team exchange list week great community join it,0.872,Positive
346,bonfire else,0.0,Neutral
347,bonfire out force guarantee disappoint bonfire,-0.1779,Negative
348,i have invest moonpirate bonfire time bonfire give 500 return hope moonpirate soon,0.4404,Positive
349,bonfire absolutely rocket continue now 160k holder 2 week break record,0.0,Neutral
350,bonfire head mars its late board do not wanna millionaire forever hold peace,0.5423,Positive
351,bonfire community stand,0.0,Neutral
352,welllll think you re look wrong direction check bonfire review,-0.4767,Negative
353,check new crypto bonfire amazing community road map whitepaper amazing long term goal go to change people life check twitter token_bonfire,0.8225,Positive
356,explode,0.0,Neutral
357,moon warrior,0.0,Neutral
358,buy let go,0.0,Neutral
359,hear of go look bro,0.0,Neutral
360,have google trader walter bull find interesting guy fortune year ago recently service appear allow copying result expert persona show copy automatic mode service get to try market rise,0.5574,Positive
361,have google walter bull copy find cool guy fortune year ago long ago service appear allow copying result professional persona show copy automatic mode service try market rise,0.4939,Positive
362,blow 100 look memefactor,0.0,Neutral
363,pappmoble 100x gem,0.0,Neutral
364,pappmoble new gem new doge,0.0,Neutral
365,pappmoble papptoken,0.0,Neutral
366,pappmoble papp token big thing unlike coin stay actual utility amazing community,0.5859,Positive
367,more check pappmoble absolute gem coin lovely community amazing team,0.8225,Positive
368,pappmoble 1000x project price 4800 holder 10 youtube review video real team goal 0005 1000x pappmoble,0.0,Neutral
369,undecided pappmoble watch ama you will sell expert team work unique ambitious project time buy early,0.296,Positive
370,pappmoble more check pappmoble absolute gem coin lovely community amazing team,0.8225,Positive
373,let pappmobile light way pappmobletoken,0.0,Neutral
377,papamobile papp future 500 last 48 hr 5k holder 22 day amazing project perfect team overwhelming community,0.8176,Positive
378,pappmoble token new gem invest early gain,0.5267,Positive
379,pappmoble token payment system mobile application price miss,-0.1531,Negative
380,pappmoble 15 million market cap 4700 holder price 00000012 100x project,0.0,Neutral
387,pappmoble papp payment system mobile application real business model price 0000001 100x pappmobile,0.0,Neutral
389,buy pappmoble token late coin soon explode pappmobile,0.0,Neutral
390,papp token new gem invest early gain pappmobile,0.5267,Positive
391,pappmoble meme lovely community capable dev great project time come let cozy,0.8885,Positive
395,do not think consider close financial adviser worry that,-0.4404,Negative
396,sooon booom moon,0.0,Neutral
397,good project there 100x gem,0.4404,Positive
398,papel token,0.0,Neutral
399,video elonmoon,0.0,Neutral
400,great project have lot potential buy cry later visit hompage,0.25,Positive
401,predict price wink coin please expect reply youthank youjazakallah,0.3182,Positive
402,kimjongmoon,0.0,Neutral
403,moon kimj token,0.0,Neutral
404,buy 4h poocoin list thouht pumping instead drop continuously drain 3 bnb 1 jump project beleive need fast error go sell buy feg token stable recover bnb,-0.3818,Negative
405,hello brazili follow minute,0.0,Neutral
406,muskway token meme coin,0.0,Neutral
407,uncle kim proud son,0.4767,Positive
408,current price kimj cheap coin list cmc cg exchange current price grab opportunity want lambo garage kimj,0.4767,Positive
409,laugh loud kim jung un probably idea north korea dude probably explode notoriety,0.5574,Positive
410,amazing project,0.5859,Positive
411,miss hidden gem laugh loud,0.4588,Positive
412,go to huge,0.3182,Positive
414,kimj kimjongmoon way moon,0.0,Neutral
415,kimj go to change lot set new standard memecoin league gooood,0.0,Neutral
416,look like fun coin,0.7003,Positive
417,great project,0.6249,Positive
418,go,0.0,Neutral
419,good investment doubt early play massive uptrend moon team massive plan level,0.4215,Positive
420,good meme coin doge appear go moon in,0.4404,Positive
422,great appreciation kim kim,0.8126,Positive
423,kimjongmoon 100x kimj,0.0,Neutral
424,kimjongmoon moon,0.0,Neutral
425,awesome review man,0.6249,Positive
426,uncle kimmy ahhh,0.0,Neutral
427,kimj,0.0,Neutral
428,lets goooo,0.0,Neutral
429,great token legit recommend,0.765,Positive
430,i m in,0.0,Neutral
431,uncle kimi prod guy 100x,0.0,Neutral
432,plz look fairlunar 100x gem,0.0772,Positive
433,laugh crazy,0.296,Positive
434,kimjongmoon news soon laugh loud,0.5574,Positive
435,thank watch video video help like subscribe similar content,0.7717,Positive
436,sell initial investment guy coin go pump hard soon miss ship,-0.25,Negative
437,sell laughing loud,0.4939,Positive
439,check saturna token overshot 40 million dollar market cap 2 day come enjoy ride great community too check site low,0.7351,Positive
441,thumbnail post daaang open mouth look token pump dump token look website like highschool project rug pull end hahaha,0.5423,Positive
442,look cougar coin,0.0,Neutral
443,pay,-0.1027,Negative
444,buy pancake swap add coin wallet copy address come symbol decimal,0.0,Neutral
445,whast view safe rocket,0.4404,Positive
446,coin pump dump,-0.3818,Negative
447,add coin pancake swap find address auto generate decimal ect,0.0,Neutral
448,easy 100x coin,0.4404,Positive
449,global pandemic hit financial market like wreck ball effect bitcoin different price stock fall world masse look liquidate stock global crisis prevail bitcoin cryptocurrencie follow suit financial market price halve beginning 2020 argue point bitcoin different traditional stock bitcoin introduce market crash 2008 identical behavior traditional stock,-0.8625,Negative
450,check elonspace real usecase 1 day old safegalaxy today 100,0.0,Neutral
451,mister lets hype coin is youtube,0.0,Neutral
452,buy moonfighter pancakeswap can not trustwallet help me,-0.3089,Negative
453,south africa love xrp ecosystem hodle strong diamond strong,0.9217,Positive
455,join team eat good here feel free like subscribe share video help youtube algorithmcheck link below patreon webull 10 bitcoin coinbase,0.93,Positive
456,pappmobile 1000x project price 5400 holder 10 youtube review video real team goal 0005 1000x pappmobile,0.0,Neutral
457,pappmobile more check pappmobile absolute gem coin lovely community amazing team,0.8225,Positive
460,do not mis coin tomorow big listing,0.0,Neutral
461,safemoon cash,0.0,Neutral
462,doavercrack on g think good service fast,0.4404,Positive
463,your support encouragement driving factor life thank doavercrack g,0.7906,Positive
465,moonpirate,0.0,Neutral
466,bonfire way,0.0,Neutral
467,there thing money can not buy call trust sincerity time doavercrack tech get all,-0.4023,Negative
468,doavercrack on g think you best your service fast,0.6369,Positive
469,thank coverage coverage octans well hugely underrated gaming token,0.5574,Positive
470,safebtc big cryptocurrency it potential 100x month they soon release wallet lead extreme increase price buy avoid lose opportunity the market cap low 50 million early,-0.1548,Negative
471,bonfire only,0.0,Neutral
473,keep ignore recommendation doavercrack instagram know he s real i m happy mine,0.296,Positive
474,thank doavercrack you re talented person thank if way hug thank,0.9169,Positive
475,watch tria,0.0,Neutral
476,personally trust doavercrack source here prove best that s multiple successful work appreciate effort 2 day ago able old lcke account thank,0.9477,Positive
477,glad meet mistcyber instagram wonderful experience stressful thank retrieve phrase,0.7096,Positive
478,i m impress the service render mistcyber on ig he s good he s legit,0.7003,Positive
479,1 306 8023516 number send text let talk assist trade tip personal tutorial,0.0772,Positive
480,look space grime running day decent stride,-0.3612,Negative
481,epara token good chance 100x get recently launch guy check real financial advice research,0.5994,Positive
482,shib bonfire shoot i have get massive gain,0.25,Positive
483,safemoon,0.0,Neutral
484,great video man clear explanation transparency me anrx get bargain price quiet happy lotta people right now tremendous work anrkeyx defi esport me make anrx portfolio,0.9042,Positive
485,wrong choice buddy learn tokenomics jump project crypto,-0.4767,Negative
486,l recommend professional broker guy ago person invest comment,0.6705,Positive
487,successful people way overnight people glancewealtha great careerpurpose result hard work hustle time,0.8176,Positive
488,thank fixhackserve g you re good hacker,0.6597,Positive
489,i m robot atleast look coin up 3000 bonfire token fire possibly coin 1000x check project buy 2b token quick hype coin go stay long,-0.34,Negative
490,c rypt0meth pr0bably safem00n honest,0.5106,Positive
491,love munch,0.6369,Positive
492,want y all know synhack team mean universe forever appreciate service offer,0.4588,Positive
493,pitjupiter gamer token gmr bonfire spore finance nft art finance 10000 coin,0.0,Neutral
494,lmt omi binance nft partnership binance nft space come june look it big gain omi,0.5267,Positive
496,talk ubx,0.0,Neutral
497,gmr financeeee,0.0,Neutral
498,cryptometh probably safemoon honest,0.5106,Positive
499,everything start go smooth meet hacklord004 ig live dream life pende issue,0.25,Positive
501,octa sale right now buy octa ama,0.0,Neutral
502,munch insane passive income support charity late step in,0.5574,Positive
503,munch munch munch,0.0,Neutral
504,great talk munch,0.6249,Positive
505,buy munch bonfire,0.0,Neutral
506,check drctoken legit project control community working platform decentralise platform drc digital reserve currency token holder easy exposure wellbalance basket efficient store value sov digital asset,0.8625,Positive
507,omi long term coin release 22 suppple imagine release 10 supply market happen price,0.0,Neutral
508,safe work apollo day old,0.4404,Positive
509,nice video engage begin end nevertheless business investment easy way money irrespective party make oval office,0.8689,Positive
510,buy token mcash suggest,0.0,Neutral
511,invest crypto big chance make money,0.25,Positive
512,invest crypto good lucrative way make money,0.4404,Positive
513,peppermint good,0.4404,Positive
514,invitation cod bocevski12,0.0,Neutral
515,coin,0.0,Neutral
516,buy ecomi,0.0,Neutral
517,look safespace new coin release 2 week ago list 3 week bitmart,0.0,Neutral
518,bitcoin future invest wisest thing especially current rise,0.4767,Positive
519,elongate fire,-0.34,Negative
520,guy again fuck stay home f gardening,-0.5423,Negative
521,100xcoin nft exchange use sponsor sport movie music star launchpad application coin exchange way,0.0,Neutral
522,everything start go smooth meet hacklord004 telegram live dream life pende issue,0.25,Positive
523,goal orient invest crucial life style learn billionaire goal year millionaire help forex investment able shoot high financial status earn 4 figure weekly build strong bone mewhen learn investthen ready wealthy,0.8225,Positive
524,check spartan protocol 10x coin soon,0.0,Neutral
525,gmr,0.0,Neutral
526,great contexteveryone need salary financially stablethe good thing money invest rightlybecause money leave save end return start invest bitcoin mid november 2020 help wellknownproffessional mrs felicia daniels profit entirely fund recent duplex,0.9393,Positive
527,hope review gmr,0.4404,Positive
528,feed realy good charity token,0.6908,Positive
529,fantastic video trading system set trading algorithm instructions action trader basis technical analysis technical analysis overly predict movement asset price regardless happen wide broad market trading system condition entryexit interval money management risk management clearly define trading system allow limit factor emotional influence decisionmake trade certain degree systemic character obvious trading way profitable hold waiting price market skyrocket technical analysis difficult newbiestraders neglect day trading coin stick hold dangerous market go bearish loose investment investor come understand profit daily involve day trading coin copy trade alert professional trader mister bryson davis past 7 week able turn 09 christ 67 christ tradersinvestor profitable day trade coin hodle advice y all tradersnewbie buy dip day trade profit market sky rocket bryson davis 89 trade accuracy able help hand newbie contact w 15162106420 telegram bryson_signal,0.959,Positive
530,hello boss mcash howdy check twitterlets colab sir,0.0,Neutral
531,market bitcoin momentit important different stream income diversify portfolio invest bitcoin trading profitable earn bitcoin hit go higher,0.5719,Positive
532,crypto briefing great thank,0.765,Positive
533,buy store meta mask do not understand passive income come 5get distribute wallet,-0.1511,Negative
534,think sofa token safemoon create millionaire december,0.2732,Positive
535,check elongate 2mill donate charity strong doxxed dev marketing team kimmel shoutout kimbal musk partnership 400000 holder single exchange list bitmart absolutely amazing ps safemoon 400000 holder list real exchange,0.8805,Positive
536,hey man nice video love ecomi do not understand comment section talk different s coin instead focus coin talk about,0.7906,Positive
537,buy omni,0.0,Neutral
538,single mother crypto investment help pay bill live happy wish invest early day,0.8271,Positive
539,hello sir find good legit broker tradeinvest with,0.4404,Positive
542,bonfire token 1000x gem alredy 100k hodler great team great roadmad bonfire skyrocket,0.8481,Positive
543,thank information always figure buy ecomi omi coin new york city like bit forex shady exchange offer coin x allow customer purchase new york city,0.7096,Positive
544,hbar hedera hashgraph christ 40,0.0,Neutral
545,mello melting face come month,0.0,Neutral
546,sleepyjoe crash market lp burn ownership renounce bidencoin,-0.4019,Negative
547,y all stop bonfire scam coin safemoon,-0.7096,Negative
548,all thank bennyhack telegram help save life daughter wife great joy do not loose daughter glad help 1btc good sir,0.9656,Positive
549,safemoon moon,0.0,Neutral
550,where buy asset,0.3612,Positive
551,new buy crypto tell sign site start buy token far robinhood purchase dogecoin,0.0,Neutral
552,bitcoin feature invest wes thing especially current rise,0.0,Neutral
553,amp,0.0,Neutral
554,want wake morning find portfolio 80000 know its possible,0.0772,Positive
555,despite economic crisis right time invest gold crypto,0.5096,Positive
556,buy coin at,0.0,Neutral
557,check bonfire amazing alt coin great long term plan ahead strong community team,0.9042,Positive
558,bonfire best nonruggable community own coin bonfire meme coin utility check whitepap listing nft marketplace launchpad work big team dev doxxe,0.6369,Positive
559,go to lie think big gem bonfire token gain 120k holder 2 week keemstar influencer ape in probably 100x moonshot,0.5267,Positive
560,bonfire stoking flame,0.0,Neutral
561,bonfire community come,0.0,Neutral
562,bonfire record break coin actual use case great team coolest community,0.6249,Positive
563,look bonfire community grow minute dev team amazing roadmap white paper post website potential long run bonfire,0.5859,Positive
564,bonfire trend real soon do not miss,0.1139,Positive
565,check bonfire bro,0.0,Neutral
566,safemoon holder 10k morning get bonfire 5k usd 8k happy buy bonfire,0.5719,Positive
567,doubt mind go bull btcis go nuclear lot people wonder good time buy price right now outrightly wrong sit hodl wait maybe incur loss line wrong mindset investor investor finding way increase stack coin make proft way lifethat say market christ moment ill advise current investor newbie advantage thompson program pro trader run train program investorsnewbie lack understanding trading bitcoin work help recover loss crash accumulate bitcoin program go have 13 6bt 9 week thompson crypto expert contact wassap15853716738,-0.8807,Negative
569,think bonfire,0.0,Neutral
570,bonfire explode wait marketing application launch everyone go talk soon early buy in moon,0.0,Neutral
571,bonfire token way currently pancakeswap v1,0.0,Neutral
572,bonfire great roadmap 120k holder 2 week early take off buy pancakeswap sure use v1 version,0.7506,Positive
573,purchase coin,0.0,Neutral
574,coin ecomi,0.0,Neutral
575,bonfire future 10x soon,0.0,Neutral
576,absolutely glad apart bonfiretoken community token family bonfire bonfirefamily,0.5095,Positive
577,coin base its support them application guy use,0.4019,Positive
578,dffn nice call literally like dogshit,0.6486,Positive
579,muncher too hope people hold fantastic project lose gas fee model buy billion token 5 coin go charity 5 get distribute munch owner hold increase nothing,0.836,Positive
580,buy this,0.0,Neutral
581,yo guy find new potential crypto bonfire,0.0,Neutral
582,bonfire future 110000 follower week 500 day keemstar approve check twitter amazing growth day fully doxxe dev team application incoming blockfolio list whitebit incoming go need check out,0.7506,Positive
584,awesome like,0.765,Positive
585,alu munch,0.0,Neutral
586,what s good platform ecomi,0.4404,Positive
587,munch token,0.0,Neutral
588,say say munch 100x early,0.0,Neutral
589,people seek stability unstable crpto space lot people wonder good time buy price right now outrightly wrong sit hodl wait maybe incur loss line wrong mindset investor investor finding way increase stack coin make proft way lifethat say market christ moment ill advise current investor newbie advantage mister josh program establishment handle people lack understanding maneuver crypto space help recover loss crash accumulate positive return program go have 14btc 9btc 9 week contact mister josh crypto expert via whatsapp 17406170335,-0.765,Negative
590,finished pump penny stock pump crypto now have not see stock market video while,0.0,Neutral
591,munch,0.0,Neutral
592,munch 14mil raise sheeeesh,0.0,Neutral
593,munch track disrupt crypto space,0.0,Neutral
596,5 portfolio uranium stock advice stock grow 300k capital million dollar,0.0,Neutral
597,hutmf,0.0,Neutral
598,buy nft,0.0,Neutral
599,munch token donate 13 million dollar charity 13 day,0.4215,Positive
600,breakout continue bull run look mix previous two currently pi indicator indicate bitcoin top accord bitcoin halving cycle 4 month bull run so pi indicator and bitcoin repeat similar bull run 2013 mean local relatively close time end bull run mid year christ take breather break fresh alltime high want invest trading able grasp knowledge crypto asset early enough encounter rosalie service able 31 christ reasonable advise trading rosalie brooke pro step ahead trader run program minded people newbie curious earn regardless current price chart easily rosalie telegram rosalie_brooke whatapp44 7466 174527,0.8625,Positive
601,thank 6btc hackerlieo telegram need,0.3612,Positive
603,what s good way money crypto trading,0.4404,Positive
604,hard buy omi,-0.1027,Negative
605,gdt gorilla diamond soon list probit list cmc crypto that list coin gecko certify business canadian government profit share scheme business holder gdt 11 fee take transaction 6 get distribute holder gdt 25 burn 25 add liquidity,0.7579,Positive
606,baby shark tank token miss go moon speak,-0.1531,Negative
607,cardano moon,0.0,Neutral
608,3rd,0.0,Neutral
609,dislikes 25 second look like hater,-0.4588,Negative
610,etherium,0.0,Neutral
611,its late dummy,0.0,Neutral
613,hey india man,0.0,Neutral
