,date,comment,user,post url,post title
0,2021-05-08 00:07:08,Epic yo,The5JewBankers,https://www.reddit.com/r/SatoshiStreetDegens/comments/n71wi1/sat_saturna_65_mill_market_cap_14_hours_old/,"$SAT, Saturna [6.5 mill market cap] [14 hours old] - Previous top post on CryptoMoonShot! Has huge potential for another big pump! Great brand new meme coin with nice site, great team, and solid tokenomics! Peak $15M marketcap, 3077 holders in only 14 hrs."
1,2021-05-08 04:12:49,"The hype around Saturna is incredible. 

The meme game is 100% based on hype. Instead of trying to shill 1 of 10,000 safe clones, Pick something new with a built in moon mechanic.

 NEW RELEASES AT SPECIFIC HOLDER COUNTS. 

It's a ""duhhhhh"" investment imo.",jtswizzy20,https://www.reddit.com/r/SatoshiStreetDegens/comments/n71wi1/sat_saturna_65_mill_market_cap_14_hours_old/,"$SAT, Saturna [6.5 mill market cap] [14 hours old] - Previous top post on CryptoMoonShot! Has huge potential for another big pump! Great brand new meme coin with nice site, great team, and solid tokenomics! Peak $15M marketcap, 3077 holders in only 14 hrs."
2,2021-05-07 21:48:49,"BONFIRE 2. 50% RETRACE AFTER PUMPING TO 15 MIL MCAP IN 12 HOURS...THIS IS ABOUT TO GO OFF AGAIN TODAY. WHALES HOLDING, COMMUNITY STRONG. LET'S GO TO SATURNA!",poese42069,https://www.reddit.com/r/SatoshiStreetDegens/comments/n71wi1/sat_saturna_65_mill_market_cap_14_hours_old/,"$SAT, Saturna [6.5 mill market cap] [14 hours old] - Previous top post on CryptoMoonShot! Has huge potential for another big pump! Great brand new meme coin with nice site, great team, and solid tokenomics! Peak $15M marketcap, 3077 holders in only 14 hrs."
3,2021-05-07 21:43:03,Best community token i've been in thus far. Come join us!,smditr,https://www.reddit.com/r/SatoshiStreetDegens/comments/n71wi1/sat_saturna_65_mill_market_cap_14_hours_old/,"$SAT, Saturna [6.5 mill market cap] [14 hours old] - Previous top post on CryptoMoonShot! Has huge potential for another big pump! Great brand new meme coin with nice site, great team, and solid tokenomics! Peak $15M marketcap, 3077 holders in only 14 hrs."
4,2021-05-07 21:54:59,"Yeah...We'd be at $30 million market cap if the post (that had 2K+ upvotes) hadn't been removed on CryptoMoonShots (due to too many direct links). Though, I maintain the conspiracy that the mods over there wanted it to crash so they could buy the dip lol. Literally was going to break every record in a single day. We're on the way back up now though as long they let these posts stay up. You can only delay the inevitable for so long.",frequentsgeiseleast,https://www.reddit.com/r/SatoshiStreetDegens/comments/n71wi1/sat_saturna_65_mill_market_cap_14_hours_old/,"$SAT, Saturna [6.5 mill market cap] [14 hours old] - Previous top post on CryptoMoonShot! Has huge potential for another big pump! Great brand new meme coin with nice site, great team, and solid tokenomics! Peak $15M marketcap, 3077 holders in only 14 hrs."
5,2021-05-07 23:44:19,How can i check the current market cap?,Shanks_Yagami,https://www.reddit.com/r/SatoshiStreetDegens/comments/n71wi1/sat_saturna_65_mill_market_cap_14_hours_old/,"$SAT, Saturna [6.5 mill market cap] [14 hours old] - Previous top post on CryptoMoonShot! Has huge potential for another big pump! Great brand new meme coin with nice site, great team, and solid tokenomics! Peak $15M marketcap, 3077 holders in only 14 hrs."
6,2021-05-07 21:55:48,"New uses and functionality are released at hodler milestones like 1k,5k,10k,25k,50k",RoadFair6422,https://www.reddit.com/r/SatoshiStreetDegens/comments/n71wi1/sat_saturna_65_mill_market_cap_14_hours_old/,"$SAT, Saturna [6.5 mill market cap] [14 hours old] - Previous top post on CryptoMoonShot! Has huge potential for another big pump! Great brand new meme coin with nice site, great team, and solid tokenomics! Peak $15M marketcap, 3077 holders in only 14 hrs."
7,2021-05-07 22:04:11,Pump up incoming! üî•,daanieel21,https://www.reddit.com/r/SatoshiStreetDegens/comments/n71wi1/sat_saturna_65_mill_market_cap_14_hours_old/,"$SAT, Saturna [6.5 mill market cap] [14 hours old] - Previous top post on CryptoMoonShot! Has huge potential for another big pump! Great brand new meme coin with nice site, great team, and solid tokenomics! Peak $15M marketcap, 3077 holders in only 14 hrs."
8,2021-05-07 22:40:28,Let‚Äôs gooooooo,momo20242,https://www.reddit.com/r/SatoshiStreetDegens/comments/n71wi1/sat_saturna_65_mill_market_cap_14_hours_old/,"$SAT, Saturna [6.5 mill market cap] [14 hours old] - Previous top post on CryptoMoonShot! Has huge potential for another big pump! Great brand new meme coin with nice site, great team, and solid tokenomics! Peak $15M marketcap, 3077 holders in only 14 hrs."
9,2021-05-07 22:41:00,So excited for this coin! Best community I‚Äôve ever been in.,ParadoxSebx,https://www.reddit.com/r/SatoshiStreetDegens/comments/n71wi1/sat_saturna_65_mill_market_cap_14_hours_old/,"$SAT, Saturna [6.5 mill market cap] [14 hours old] - Previous top post on CryptoMoonShot! Has huge potential for another big pump! Great brand new meme coin with nice site, great team, and solid tokenomics! Peak $15M marketcap, 3077 holders in only 14 hrs."
10,2021-05-07 22:42:24,20m babyyyy,iop90-,https://www.reddit.com/r/SatoshiStreetDegens/comments/n71wi1/sat_saturna_65_mill_market_cap_14_hours_old/,"$SAT, Saturna [6.5 mill market cap] [14 hours old] - Previous top post on CryptoMoonShot! Has huge potential for another big pump! Great brand new meme coin with nice site, great team, and solid tokenomics! Peak $15M marketcap, 3077 holders in only 14 hrs."
11,2021-05-07 23:33:47,Buy the dip!,Steggy31,https://www.reddit.com/r/SatoshiStreetDegens/comments/n71wi1/sat_saturna_65_mill_market_cap_14_hours_old/,"$SAT, Saturna [6.5 mill market cap] [14 hours old] - Previous top post on CryptoMoonShot! Has huge potential for another big pump! Great brand new meme coin with nice site, great team, and solid tokenomics! Peak $15M marketcap, 3077 holders in only 14 hrs."
12,2021-05-07 23:55:22,Do i set slippage to 10?,DoeyB,https://www.reddit.com/r/SatoshiStreetDegens/comments/n71wi1/sat_saturna_65_mill_market_cap_14_hours_old/,"$SAT, Saturna [6.5 mill market cap] [14 hours old] - Previous top post on CryptoMoonShot! Has huge potential for another big pump! Great brand new meme coin with nice site, great team, and solid tokenomics! Peak $15M marketcap, 3077 holders in only 14 hrs."
13,2021-05-08 00:05:06,BUY THE FUCKING DIP,PM_ME_TETONS,https://www.reddit.com/r/SatoshiStreetDegens/comments/n71wi1/sat_saturna_65_mill_market_cap_14_hours_old/,"$SAT, Saturna [6.5 mill market cap] [14 hours old] - Previous top post on CryptoMoonShot! Has huge potential for another big pump! Great brand new meme coin with nice site, great team, and solid tokenomics! Peak $15M marketcap, 3077 holders in only 14 hrs."
14,2021-05-08 00:32:28,"I really like this token, I‚Äôve already invested but what really attracted me to it was the Website structure and the idea of healthy growth with the milestones. Similar contract and layout to bonfire. (There‚Äôs a giveaway on Twitter that will start pumping this so hop on quick guys)",Capital_Adeptness_46,https://www.reddit.com/r/SatoshiStreetDegens/comments/n71wi1/sat_saturna_65_mill_market_cap_14_hours_old/,"$SAT, Saturna [6.5 mill market cap] [14 hours old] - Previous top post on CryptoMoonShot! Has huge potential for another big pump! Great brand new meme coin with nice site, great team, and solid tokenomics! Peak $15M marketcap, 3077 holders in only 14 hrs."
15,2021-05-08 00:45:47,I am so in! Love this community and the site!,affablysurreal,https://www.reddit.com/r/SatoshiStreetDegens/comments/n71wi1/sat_saturna_65_mill_market_cap_14_hours_old/,"$SAT, Saturna [6.5 mill market cap] [14 hours old] - Previous top post on CryptoMoonShot! Has huge potential for another big pump! Great brand new meme coin with nice site, great team, and solid tokenomics! Peak $15M marketcap, 3077 holders in only 14 hrs."
16,2021-05-08 00:50:14,Saturna looks really promising :)!,TrebuSenpai,https://www.reddit.com/r/SatoshiStreetDegens/comments/n71wi1/sat_saturna_65_mill_market_cap_14_hours_old/,"$SAT, Saturna [6.5 mill market cap] [14 hours old] - Previous top post on CryptoMoonShot! Has huge potential for another big pump! Great brand new meme coin with nice site, great team, and solid tokenomics! Peak $15M marketcap, 3077 holders in only 14 hrs."
17,2021-05-08 01:04:10,SATURNA TO ALL 82 moons!!! #SAT #SATURNA #ELONONE,RooLeGarcon,https://www.reddit.com/r/SatoshiStreetDegens/comments/n71wi1/sat_saturna_65_mill_market_cap_14_hours_old/,"$SAT, Saturna [6.5 mill market cap] [14 hours old] - Previous top post on CryptoMoonShot! Has huge potential for another big pump! Great brand new meme coin with nice site, great team, and solid tokenomics! Peak $15M marketcap, 3077 holders in only 14 hrs."
18,2021-05-08 01:04:45,great project,GorbEdits,https://www.reddit.com/r/SatoshiStreetDegens/comments/n71wi1/sat_saturna_65_mill_market_cap_14_hours_old/,"$SAT, Saturna [6.5 mill market cap] [14 hours old] - Previous top post on CryptoMoonShot! Has huge potential for another big pump! Great brand new meme coin with nice site, great team, and solid tokenomics! Peak $15M marketcap, 3077 holders in only 14 hrs."
19,2021-05-08 01:11:54,Fantastic community token,screwtapes_pens,https://www.reddit.com/r/SatoshiStreetDegens/comments/n71wi1/sat_saturna_65_mill_market_cap_14_hours_old/,"$SAT, Saturna [6.5 mill market cap] [14 hours old] - Previous top post on CryptoMoonShot! Has huge potential for another big pump! Great brand new meme coin with nice site, great team, and solid tokenomics! Peak $15M marketcap, 3077 holders in only 14 hrs."
20,2021-05-08 01:28:03,"Max degen play but why tf not

Strapped in to rise to the 82 moons of Saturnus",Adrastosz,https://www.reddit.com/r/SatoshiStreetDegens/comments/n71wi1/sat_saturna_65_mill_market_cap_14_hours_old/,"$SAT, Saturna [6.5 mill market cap] [14 hours old] - Previous top post on CryptoMoonShot! Has huge potential for another big pump! Great brand new meme coin with nice site, great team, and solid tokenomics! Peak $15M marketcap, 3077 holders in only 14 hrs."
21,2021-05-08 01:34:36,What‚Äôs the prediction on this one? 100x from here?,sparklymagicalpanda,https://www.reddit.com/r/SatoshiStreetDegens/comments/n71wi1/sat_saturna_65_mill_market_cap_14_hours_old/,"$SAT, Saturna [6.5 mill market cap] [14 hours old] - Previous top post on CryptoMoonShot! Has huge potential for another big pump! Great brand new meme coin with nice site, great team, and solid tokenomics! Peak $15M marketcap, 3077 holders in only 14 hrs."
22,2021-05-08 01:41:53,Definitely one of the rarest r/1000xCoins,PrideOfElites,https://www.reddit.com/r/SatoshiStreetDegens/comments/n71wi1/sat_saturna_65_mill_market_cap_14_hours_old/,"$SAT, Saturna [6.5 mill market cap] [14 hours old] - Previous top post on CryptoMoonShot! Has huge potential for another big pump! Great brand new meme coin with nice site, great team, and solid tokenomics! Peak $15M marketcap, 3077 holders in only 14 hrs."
23,2021-05-08 02:11:11,"Just aped in at 10M mcap. Hopefully this comment ages well, I‚Äôm bullish on this",ChrisMcD456,https://www.reddit.com/r/SatoshiStreetDegens/comments/n71wi1/sat_saturna_65_mill_market_cap_14_hours_old/,"$SAT, Saturna [6.5 mill market cap] [14 hours old] - Previous top post on CryptoMoonShot! Has huge potential for another big pump! Great brand new meme coin with nice site, great team, and solid tokenomics! Peak $15M marketcap, 3077 holders in only 14 hrs."
24,2021-05-08 02:30:33,"If u are looking for a small cap coin, hidden gem. Check llamaswap, developpers continously adding stuff (active github) and open to feedback :)",Jelthebest,https://www.reddit.com/r/SatoshiStreetDegens/comments/n71wi1/sat_saturna_65_mill_market_cap_14_hours_old/,"$SAT, Saturna [6.5 mill market cap] [14 hours old] - Previous top post on CryptoMoonShot! Has huge potential for another big pump! Great brand new meme coin with nice site, great team, and solid tokenomics! Peak $15M marketcap, 3077 holders in only 14 hrs."
25,2021-05-08 03:59:27,"Hyperion orbits at a mean distance of 933,000 miles (1,500,000 kilometers) from Saturn. From my Calculations it will only take us less than 24hrs to get there. #5000 #HODLERS #3rdmoon #79togo #lightspeed",TheDeathwishCowboy,https://www.reddit.com/r/SatoshiStreetDegens/comments/n71wi1/sat_saturna_65_mill_market_cap_14_hours_old/,"$SAT, Saturna [6.5 mill market cap] [14 hours old] - Previous top post on CryptoMoonShot! Has huge potential for another big pump! Great brand new meme coin with nice site, great team, and solid tokenomics! Peak $15M marketcap, 3077 holders in only 14 hrs."
26,2021-05-08 09:49:18,"Be sure you are buying the right one (always verify the contract address):

Real:  [https://tokensniffer.com/token/0x1e446cbea52badeb614fbe4ab7610f737995fb44](https://tokensniffer.com/token/0x1e446cbea52badeb614fbe4ab7610f737995fb44)

Fake:  [https://tokensniffer.com/token/0xbd312dd87874ff47945fee43f567f02192e22c00](https://tokensniffer.com/token/0xbd312dd87874ff47945fee43f567f02192e22c00)",mbom777,https://www.reddit.com/r/SatoshiStreetDegens/comments/n71wi1/sat_saturna_65_mill_market_cap_14_hours_old/,"$SAT, Saturna [6.5 mill market cap] [14 hours old] - Previous top post on CryptoMoonShot! Has huge potential for another big pump! Great brand new meme coin with nice site, great team, and solid tokenomics! Peak $15M marketcap, 3077 holders in only 14 hrs."
27,2021-05-08 17:32:00,I‚Äôm in is there a subreddit,StonksRocketeer,https://www.reddit.com/r/SatoshiStreetDegens/comments/n71wi1/sat_saturna_65_mill_market_cap_14_hours_old/,"$SAT, Saturna [6.5 mill market cap] [14 hours old] - Previous top post on CryptoMoonShot! Has huge potential for another big pump! Great brand new meme coin with nice site, great team, and solid tokenomics! Peak $15M marketcap, 3077 holders in only 14 hrs."
28,2021-05-09 09:16:49,Let‚Äôs go!,TheBigChiefa,https://www.reddit.com/r/SatoshiStreetDegens/comments/n71wi1/sat_saturna_65_mill_market_cap_14_hours_old/,"$SAT, Saturna [6.5 mill market cap] [14 hours old] - Previous top post on CryptoMoonShot! Has huge potential for another big pump! Great brand new meme coin with nice site, great team, and solid tokenomics! Peak $15M marketcap, 3077 holders in only 14 hrs."
29,2021-05-09 20:05:32,definitely got a bag,jawn1812,https://www.reddit.com/r/SatoshiStreetDegens/comments/n71wi1/sat_saturna_65_mill_market_cap_14_hours_old/,"$SAT, Saturna [6.5 mill market cap] [14 hours old] - Previous top post on CryptoMoonShot! Has huge potential for another big pump! Great brand new meme coin with nice site, great team, and solid tokenomics! Peak $15M marketcap, 3077 holders in only 14 hrs."
30,2021-05-08 01:24:09,This üíéüí™,RedditDeep07,https://www.reddit.com/r/SatoshiStreetDegens/comments/n71wi1/sat_saturna_65_mill_market_cap_14_hours_old/,"$SAT, Saturna [6.5 mill market cap] [14 hours old] - Previous top post on CryptoMoonShot! Has huge potential for another big pump! Great brand new meme coin with nice site, great team, and solid tokenomics! Peak $15M marketcap, 3077 holders in only 14 hrs."
31,2021-05-08 01:25:08,"Not even 24 hour old token. Goodluck to everyone, let‚Äôs go üöÄ",RedditDeep07,https://www.reddit.com/r/SatoshiStreetDegens/comments/n71wi1/sat_saturna_65_mill_market_cap_14_hours_old/,"$SAT, Saturna [6.5 mill market cap] [14 hours old] - Previous top post on CryptoMoonShot! Has huge potential for another big pump! Great brand new meme coin with nice site, great team, and solid tokenomics! Peak $15M marketcap, 3077 holders in only 14 hrs."
32,2021-05-07 20:22:30,excited to see the pump today. get in while it's still cheap!,poese42069,https://www.reddit.com/r/BSCMoonShots/comments/n6zwum/sat_saturna_previous_top_post_on_sub_has_huge/,"$SAT, Saturna - Previous top post on sub! Has huge potential for another big pump! Great brand new meme coin with nice site, great team, and solid tokenomics! Peak $15M marketcap, now at $7.3M, 3023 holders in only 5 hrs."
33,2021-05-07 20:32:05,Yessss babyyy iam inn. And ready to fly,sasa1881,https://www.reddit.com/r/BSCMoonShots/comments/n6zwum/sat_saturna_previous_top_post_on_sub_has_huge/,"$SAT, Saturna - Previous top post on sub! Has huge potential for another big pump! Great brand new meme coin with nice site, great team, and solid tokenomics! Peak $15M marketcap, now at $7.3M, 3023 holders in only 5 hrs."
34,2021-05-07 20:49:36,Brooo how do I add my sat to my wallet? I bought some and is not showing,Rio_0,https://www.reddit.com/r/BSCMoonShots/comments/n6zwum/sat_saturna_previous_top_post_on_sub_has_huge/,"$SAT, Saturna - Previous top post on sub! Has huge potential for another big pump! Great brand new meme coin with nice site, great team, and solid tokenomics! Peak $15M marketcap, now at $7.3M, 3023 holders in only 5 hrs."
35,2021-05-07 20:54:38,This has all the making of another bonfire. Huge run up yesterday that has now corrected and consolidated. Perfect time to buy rn because we're only going up from here.,poese42069,https://www.reddit.com/r/BSCMoonShots/comments/n6zwum/sat_saturna_previous_top_post_on_sub_has_huge/,"$SAT, Saturna - Previous top post on sub! Has huge potential for another big pump! Great brand new meme coin with nice site, great team, and solid tokenomics! Peak $15M marketcap, now at $7.3M, 3023 holders in only 5 hrs."
36,2021-05-07 20:05:18,Lezz goooo,rokcyMaxy,https://www.reddit.com/r/BSCMoonShots/comments/n6zwum/sat_saturna_previous_top_post_on_sub_has_huge/,"$SAT, Saturna - Previous top post on sub! Has huge potential for another big pump! Great brand new meme coin with nice site, great team, and solid tokenomics! Peak $15M marketcap, now at $7.3M, 3023 holders in only 5 hrs."
37,2021-05-07 20:05:37,big gains inbound üëΩ,New-Tangelo951,https://www.reddit.com/r/BSCMoonShots/comments/n6zwum/sat_saturna_previous_top_post_on_sub_has_huge/,"$SAT, Saturna - Previous top post on sub! Has huge potential for another big pump! Great brand new meme coin with nice site, great team, and solid tokenomics! Peak $15M marketcap, now at $7.3M, 3023 holders in only 5 hrs."
38,2021-05-07 20:05:46,"Nice project nice web site 
Lets go iam in üöÄüöÄ",sasa1881,https://www.reddit.com/r/BSCMoonShots/comments/n6zwum/sat_saturna_previous_top_post_on_sub_has_huge/,"$SAT, Saturna - Previous top post on sub! Has huge potential for another big pump! Great brand new meme coin with nice site, great team, and solid tokenomics! Peak $15M marketcap, now at $7.3M, 3023 holders in only 5 hrs."
39,2021-05-07 21:10:06,Lets rip to 50m easy,iop90-,https://www.reddit.com/r/BSCMoonShots/comments/n6zwum/sat_saturna_previous_top_post_on_sub_has_huge/,"$SAT, Saturna - Previous top post on sub! Has huge potential for another big pump! Great brand new meme coin with nice site, great team, and solid tokenomics! Peak $15M marketcap, now at $7.3M, 3023 holders in only 5 hrs."
40,2021-05-07 21:21:47,"I'm very existence about this project, I really it's the one üòÄ",overfluffy1,https://www.reddit.com/r/BSCMoonShots/comments/n6zwum/sat_saturna_previous_top_post_on_sub_has_huge/,"$SAT, Saturna - Previous top post on sub! Has huge potential for another big pump! Great brand new meme coin with nice site, great team, and solid tokenomics! Peak $15M marketcap, now at $7.3M, 3023 holders in only 5 hrs."
41,2021-05-07 21:52:16,amazing team and community!!,cryptosheikhyeah,https://www.reddit.com/r/BSCMoonShots/comments/n6zwum/sat_saturna_previous_top_post_on_sub_has_huge/,"$SAT, Saturna - Previous top post on sub! Has huge potential for another big pump! Great brand new meme coin with nice site, great team, and solid tokenomics! Peak $15M marketcap, now at $7.3M, 3023 holders in only 5 hrs."
42,2021-05-07 21:54:37,"Really clean website. Safe project too. Nice, I'm in.",AlexWD,https://www.reddit.com/r/BSCMoonShots/comments/n6zwum/sat_saturna_previous_top_post_on_sub_has_huge/,"$SAT, Saturna - Previous top post on sub! Has huge potential for another big pump! Great brand new meme coin with nice site, great team, and solid tokenomics! Peak $15M marketcap, now at $7.3M, 3023 holders in only 5 hrs."
43,2021-05-07 21:56:10,"This is one of the best communities, not even a day old and we're getting close to 5k holders. Awesome. :) I love the sailor moon stickers",smditr,https://www.reddit.com/r/BSCMoonShots/comments/n6zwum/sat_saturna_previous_top_post_on_sub_has_huge/,"$SAT, Saturna - Previous top post on sub! Has huge potential for another big pump! Great brand new meme coin with nice site, great team, and solid tokenomics! Peak $15M marketcap, now at $7.3M, 3023 holders in only 5 hrs."
44,2021-05-07 22:03:51,Pump up incoming! üî•,daanieel21,https://www.reddit.com/r/BSCMoonShots/comments/n6zwum/sat_saturna_previous_top_post_on_sub_has_huge/,"$SAT, Saturna - Previous top post on sub! Has huge potential for another big pump! Great brand new meme coin with nice site, great team, and solid tokenomics! Peak $15M marketcap, now at $7.3M, 3023 holders in only 5 hrs."
45,2021-05-07 22:11:19,"This looks like a Bonfire situation where I sadly hesitated to jump on board back when it launched, but with this project I made sure I got my SAT coins at the right time. Let‚Äôs moon guys!!!",OverFluffyy,https://www.reddit.com/r/BSCMoonShots/comments/n6zwum/sat_saturna_previous_top_post_on_sub_has_huge/,"$SAT, Saturna - Previous top post on sub! Has huge potential for another big pump! Great brand new meme coin with nice site, great team, and solid tokenomics! Peak $15M marketcap, now at $7.3M, 3023 holders in only 5 hrs."
46,2021-05-07 22:38:38,Aped in!!,Capital_Adeptness_46,https://www.reddit.com/r/BSCMoonShots/comments/n6zwum/sat_saturna_previous_top_post_on_sub_has_huge/,"$SAT, Saturna - Previous top post on sub! Has huge potential for another big pump! Great brand new meme coin with nice site, great team, and solid tokenomics! Peak $15M marketcap, now at $7.3M, 3023 holders in only 5 hrs."
47,2021-05-08 00:11:58,Got a bag,Flex47,https://www.reddit.com/r/BSCMoonShots/comments/n6zwum/sat_saturna_previous_top_post_on_sub_has_huge/,"$SAT, Saturna - Previous top post on sub! Has huge potential for another big pump! Great brand new meme coin with nice site, great team, and solid tokenomics! Peak $15M marketcap, now at $7.3M, 3023 holders in only 5 hrs."
48,2021-05-08 00:48:44,"ü§ç SAFEJIZZ $JIZZ ü§ç

ü•ûPANCAKESWAP JUST LAUNCHED!!

[https://exchange.pancakeswap.finance/#/swap?outputCurrency=0xa197BAFDcBC1ff388734e088BaE732110273e246&inputCurrency=BNB](https://exchange.pancakeswap.finance/#/swap?outputCurrency=0xa197BAFDcBC1ff388734e088BaE732110273e246&inputCurrency=BNB) 

LP is burned!

‚ú≥Ô∏è Telegram: [https://t.me/safejizz](https://t.me/safejizz)

‚ö°Ô∏èGO GO GO",,https://www.reddit.com/r/BSCMoonShots/comments/n6zwum/sat_saturna_previous_top_post_on_sub_has_huge/,"$SAT, Saturna - Previous top post on sub! Has huge potential for another big pump! Great brand new meme coin with nice site, great team, and solid tokenomics! Peak $15M marketcap, now at $7.3M, 3023 holders in only 5 hrs."
49,2021-05-08 01:36:38,1B MC at the least let‚Äôs goüöÄüöÄüöÄüöÄüöÄüöÄ,FeistyStatistician96,https://www.reddit.com/r/BSCMoonShots/comments/n6zwum/sat_saturna_previous_top_post_on_sub_has_huge/,"$SAT, Saturna - Previous top post on sub! Has huge potential for another big pump! Great brand new meme coin with nice site, great team, and solid tokenomics! Peak $15M marketcap, now at $7.3M, 3023 holders in only 5 hrs."
50,2021-05-08 02:35:18,"**PooExchange Token!** Do not miss out on the next safemoon 100x token

**üí©\*\*\*\*PRESALE LIVE** [**https://dxsale.app/app/pages/presale?saleID=213**](https://dxsale.app/app/pages/presale?saleID=213)

we raised over 290 bnb within the first hour of presale.

This will be the next 100x Gem!

Do not miss out in this opportunity of a lifetime to 100x your investment.

PooExchange is not affiliated with poocoin chart system. What we have here is an innovative exchange platform

This is a 100% deflationary token. We will be doing quarterly burns which will benefit holders.

No tax and No BS.

We are currently going through an audit. KYC compliant!

Check us out on Dxsale

Drop a comment and let us help. This is something the community needs!

Influencers videos being released prior to presale. This will not last long! Hop on this rocket as we explore the galaxy.

PooExchange is your one and only PooToken platform. Consumers will be able to register and open there own account, link outside wallets and more.

Join our TG channel PooExchangeApp

Follow us on Twitter.

See you on the moon üß®üëÄ

Buy: [DxSale.app](https://dxsale.app/) ([https://dxsale.app/app/pages/presale?saleID=213](https://dxsale.app/app/pages/presale?saleID=213))

Website: [pooexchange.app](https://pooexchange.app/)

Chart: [https://pooexchange.app/charts/](https://pooexchange.app/charts/)",JohnThanistat,https://www.reddit.com/r/BSCMoonShots/comments/n6zwum/sat_saturna_previous_top_post_on_sub_has_huge/,"$SAT, Saturna - Previous top post on sub! Has huge potential for another big pump! Great brand new meme coin with nice site, great team, and solid tokenomics! Peak $15M marketcap, now at $7.3M, 3023 holders in only 5 hrs."
51,2021-05-08 03:39:13,This token takes me to the moon dayuuum,NXXBSVIBXT,https://www.reddit.com/r/BSCMoonShots/comments/n6zwum/sat_saturna_previous_top_post_on_sub_has_huge/,"$SAT, Saturna - Previous top post on sub! Has huge potential for another big pump! Great brand new meme coin with nice site, great team, and solid tokenomics! Peak $15M marketcap, now at $7.3M, 3023 holders in only 5 hrs."
52,2021-05-08 08:14:40,This is off to an incredible start and is gonna go crazy! To the moon!,NoviceCollect0r,https://www.reddit.com/r/BSCMoonShots/comments/n6zwum/sat_saturna_previous_top_post_on_sub_has_huge/,"$SAT, Saturna - Previous top post on sub! Has huge potential for another big pump! Great brand new meme coin with nice site, great team, and solid tokenomics! Peak $15M marketcap, now at $7.3M, 3023 holders in only 5 hrs."
53,2021-05-08 08:21:12,Chart link?,geeman9333,https://www.reddit.com/r/BSCMoonShots/comments/n6zwum/sat_saturna_previous_top_post_on_sub_has_huge/,"$SAT, Saturna - Previous top post on sub! Has huge potential for another big pump! Great brand new meme coin with nice site, great team, and solid tokenomics! Peak $15M marketcap, now at $7.3M, 3023 holders in only 5 hrs."
54,2021-05-08 18:06:33,"Come on guys, throw a couple of bucks, make a few hundreds in 24 hours",Left_Blackberry_4196,https://www.reddit.com/r/BSCMoonShots/comments/n6zwum/sat_saturna_previous_top_post_on_sub_has_huge/,"$SAT, Saturna - Previous top post on sub! Has huge potential for another big pump! Great brand new meme coin with nice site, great team, and solid tokenomics! Peak $15M marketcap, now at $7.3M, 3023 holders in only 5 hrs."
55,2021-05-10 09:13:01,I SHOULD HAVE LISTENED TO YOU,spedmonkeeman,https://www.reddit.com/r/BSCMoonShots/comments/n6zwum/sat_saturna_previous_top_post_on_sub_has_huge/,"$SAT, Saturna - Previous top post on sub! Has huge potential for another big pump! Great brand new meme coin with nice site, great team, and solid tokenomics! Peak $15M marketcap, now at $7.3M, 3023 holders in only 5 hrs."
56,2021-05-07 20:54:09,This has all the making of another bonfire. Huge run up yesterday that has now corrected and consolidated. Perfect time to buy rn because we're only going up from here.,poese42069,https://www.reddit.com/r/cryptostreetbets/comments/n70qsi/sat_saturna_previous_top_post_on_sub_has_huge/,"$SAT, Saturna - Previous top post on sub! Has huge potential for another big pump! Great brand new meme coin with nice site, great team, and solid tokenomics! Peak $15M marketcap, now at $7.3M, 3023 holders in only 12 hrs. #1 Trending on CryptoMoonShots."
57,2021-05-07 21:18:26,"Decent design of the website, i fall in love with it lol",rokcyMaxy,https://www.reddit.com/r/cryptostreetbets/comments/n70qsi/sat_saturna_previous_top_post_on_sub_has_huge/,"$SAT, Saturna - Previous top post on sub! Has huge potential for another big pump! Great brand new meme coin with nice site, great team, and solid tokenomics! Peak $15M marketcap, now at $7.3M, 3023 holders in only 12 hrs. #1 Trending on CryptoMoonShots."
58,2021-05-07 21:57:20,"Best community thus far, i love the sailormoon stickers and awesome vibes in the TG!",smditr,https://www.reddit.com/r/cryptostreetbets/comments/n70qsi/sat_saturna_previous_top_post_on_sub_has_huge/,"$SAT, Saturna - Previous top post on sub! Has huge potential for another big pump! Great brand new meme coin with nice site, great team, and solid tokenomics! Peak $15M marketcap, now at $7.3M, 3023 holders in only 12 hrs. #1 Trending on CryptoMoonShots."
59,2021-05-08 00:09:13,"This will go üíØX

https://www.catapulttoken.com/

Check it Out ‚úÖ",Significant-One1325,https://www.reddit.com/r/cryptostreetbets/comments/n70qsi/sat_saturna_previous_top_post_on_sub_has_huge/,"$SAT, Saturna - Previous top post on sub! Has huge potential for another big pump! Great brand new meme coin with nice site, great team, and solid tokenomics! Peak $15M marketcap, now at $7.3M, 3023 holders in only 12 hrs. #1 Trending on CryptoMoonShots."
60,2021-05-08 00:46:17,"üêº $SAVEANIMAL üêº \[500K MC / 10x Potential\] We won¬¥t have a society if we destroy the environment.. - Community Driven Charity Token ‚ùó

&#x200B;

We are a fast growing Team of Crypto enthusiasts and incredibly Talented 

Individuals building a strong Community to make a change in this World..

&#x200B;

Make this one the greatest Coin of 2021! üêº

&#x200B;

üîí No Team-Wallets

&#x200B;

‚è≥ Transparent Management

‚è≥ Marketing & Partnerships

‚è≥ Listing Applications

‚è≥ Ecosystem Growth

&#x200B;

Weekly Charity-Donation chosen by our Community and Holders.

&#x200B;

""The greatness of a nation and its moral progress can be judged by the way in which its animals are treated."" -Mahatma Gandhi üåçüêº

&#x200B;

Transactions:

üìà 4% Added to Liquidity

ü•á 3% Reward for Holders

üêº 2% Donated to Charity

üöÄ 1% Used for Marketing

&#x200B;

Website     | [www.SaveAnimal.io](https://www.SaveAnimal.io)

Telegram    | [www.t.me/SaveAnimalToken](https://www.t.me/SaveAnimalToken)

Pancakeswap | [https://exchange.pancakeswap.finance/#/swap?outputCurrency=0xaa2C290bF62B7d100D2D7f87b7223e3A71b737F7](https://exchange.pancakeswap.finance/#/swap?outputCurrency=0xaa2C290bF62B7d100D2D7f87b7223e3A71b737F7)

Twitter     | [www.twitter.com/SaveAnimalToken](https://www.twitter.com/SaveAnimalToken) 

Contract ID | 0xaa2C290bF62B7d100D2D7f87b7223e3A71b737F7",DACapitalTrading,https://www.reddit.com/r/cryptostreetbets/comments/n70qsi/sat_saturna_previous_top_post_on_sub_has_huge/,"$SAT, Saturna - Previous top post on sub! Has huge potential for another big pump! Great brand new meme coin with nice site, great team, and solid tokenomics! Peak $15M marketcap, now at $7.3M, 3023 holders in only 12 hrs. #1 Trending on CryptoMoonShots."
61,2021-05-08 04:07:29," ü§ç SAFEJIZZ $JIZZ ü§ç

ü•ûPANCAKESWAP JUST LAUNCHED, PUMPING HARD!!

[https://exchange.pancakeswap.finance/#/swap?outputCurrency=0xa197BAFDcBC1ff388734e088BaE732110273e246&inputCurrency=BNB](https://exchange.pancakeswap.finance/#/swap?outputCurrency=0xa197BAFDcBC1ff388734e088BaE732110273e246&inputCurrency=BNB)

LP is burned!

‚ú≥Ô∏è Telegram: [https://t.me/safejizz](https://t.me/safejizz)

‚ö°Ô∏èGO GO GO",,https://www.reddit.com/r/cryptostreetbets/comments/n70qsi/sat_saturna_previous_top_post_on_sub_has_huge/,"$SAT, Saturna - Previous top post on sub! Has huge potential for another big pump! Great brand new meme coin with nice site, great team, and solid tokenomics! Peak $15M marketcap, now at $7.3M, 3023 holders in only 12 hrs. #1 Trending on CryptoMoonShots."
62,2021-05-08 18:06:14,"Come on, it has potential.. lets 1000x on it",Left_Blackberry_4196,https://www.reddit.com/r/cryptostreetbets/comments/n70qsi/sat_saturna_previous_top_post_on_sub_has_huge/,"$SAT, Saturna - Previous top post on sub! Has huge potential for another big pump! Great brand new meme coin with nice site, great team, and solid tokenomics! Peak $15M marketcap, now at $7.3M, 3023 holders in only 12 hrs. #1 Trending on CryptoMoonShots."
63,2021-05-07 20:31:42,Letsss gooo,sasa1881,https://www.reddit.com/r/CryptoMars/comments/n70c9g/sat_saturna_previous_top_post_on_sub_has_huge/,"$SAT, Saturna - Previous top post on sub! Has huge potential for another big pump! Great brand new meme coin with nice site, great team, and solid tokenomics! Peak $15M marketcap, now at $7.3M, 3023 holders in only 12 hrs. #1 Trending on CryptoMoonShots."
64,2021-05-07 20:54:20,This has all the making of another bonfire. Huge run up yesterday that has now corrected and consolidated. Perfect time to buy rn because we're only going up from here.,poese42069,https://www.reddit.com/r/CryptoMars/comments/n70c9g/sat_saturna_previous_top_post_on_sub_has_huge/,"$SAT, Saturna - Previous top post on sub! Has huge potential for another big pump! Great brand new meme coin with nice site, great team, and solid tokenomics! Peak $15M marketcap, now at $7.3M, 3023 holders in only 12 hrs. #1 Trending on CryptoMoonShots."
65,2021-05-07 21:28:06," 

üöÄüõ∞ POLYWENMOON üõ∞üöÄ

Around 20 of us were once rugged from the original dev, and majority of us bought at all time high. So we thought, hey why sell at all time low when we can just create a community token and put real use cases to them. We are not a pump and dump, rather we want to benefit something positive during this bull run. We are here to help the community to chase their moon via a high redistribution rate rewarding wallet holders for financial literacy.

We are currently talking to Coingecko and Blockfolio for listing, and we are coming up with a donation wallet with our own personal funds for marketing purposes. Since this is a start, we are looking into paying Youtubers with around 1000 - 10000 subscribers to raise the price action.

Now its your chance to moon. This is a community owned token, gone is the original dev.

Contract Address: 0x6fF6F92C3729b01A3205Eb6Bb2a909abBa33dEC8

üî∞ 100% COMMUNITY TOKEN (Renounced Ownership) with high redistribution fee to incentivize and reward holders.

üü¢ 8% fee auto add to the liquidity pool ( LOCKED FOREVER )

üü¢ 2% fee auto distribute to all HODLERS

üü¢ 40% burn to the black hole, with such big black hole and 2% fee, the strong holder will get a valuable reward.

‚ô¶Ô∏è 1,000,000,000,000,000 total supply

‚ô¶Ô∏è 5,000,000,000,000 tokens limitation for trade

‚ôªÔ∏è 8% fee for liquidity will go to an address that the contract creates, and the contract will sell it and add to liquidity automatically, The idea is increasing the liquidity pool automatically, to ensure trading is smooth and decrease required slippage.

Token Contract Source Code Verified: [https://explorer-mainnet.maticvigil.com/address/0x6fF6F92C3729b01A3205Eb6Bb2a909abBa33dEC8/contracts](https://explorer-mainnet.maticvigil.com/address/0x6fF6F92C3729b01A3205Eb6Bb2a909abBa33dEC8/contracts)

Quickswap LISTING: [https://quickswap.exchange/#/swap?inputCurrency=0x6fF6F92C3729b01A3205Eb6Bb2a909abBa33dEC8](https://quickswap.exchange/#/swap?inputCurrency=0x6fF6F92C3729b01A3205Eb6Bb2a909abBa33dEC8)

LP BURN:[https://explorer-mainnet.maticvigil.com/tx/0x94dbfa38baf212984bf8161dd1d921334ac82df2c041da0d6f2954d6b4f13986/token-transfers](https://explorer-mainnet.maticvigil.com/tx/0x94dbfa38baf212984bf8161dd1d921334ac82df2c041da0d6f2954d6b4f13986/token-transfers)

BURN 2: [https://explorer-mainnet.maticvigil.com/tx/0x79551c41a473b50e522da62ce441b2aaf478c8734a2d65bc4f896378298f8c43/token-transfers](https://explorer-mainnet.maticvigil.com/tx/0x79551c41a473b50e522da62ce441b2aaf478c8734a2d65bc4f896378298f8c43/token-transfers)

Renounced Ownership: [https://explorer-mainnet.maticvigil.com/tx/0xefad0dd9af1f8cc5dd7a478fcc5e53dcf79a41d39e3ca13dc86ed2079830999f/internal-transactions](https://explorer-mainnet.maticvigil.com/tx/0xefad0dd9af1f8cc5dd7a478fcc5e53dcf79a41d39e3ca13dc86ed2079830999f/internal-transactions)

Chart: [https://matic.ach.tools/#/tabs/home/0x6fF6F92C3729b01A3205Eb6Bb2a909abBa33dEC8](https://matic.ach.tools/#/tabs/home/0x6fF6F92C3729b01A3205Eb6Bb2a909abBa33dEC8)

Telegram: [https://t.me/Polywenmoon](https://t.me/Polywenmoon)",poorarab,https://www.reddit.com/r/CryptoMars/comments/n70c9g/sat_saturna_previous_top_post_on_sub_has_huge/,"$SAT, Saturna - Previous top post on sub! Has huge potential for another big pump! Great brand new meme coin with nice site, great team, and solid tokenomics! Peak $15M marketcap, now at $7.3M, 3023 holders in only 12 hrs. #1 Trending on CryptoMoonShots."
66,2021-05-07 23:25:55,"Btw, have you heard that In Red Panda Token ($REDPAN) users can donate for saving a red panda?  It's just a bomb!!! This has not occured before.",PleasantEvent3151,https://www.reddit.com/r/CryptoMars/comments/n70c9g/sat_saturna_previous_top_post_on_sub_has_huge/,"$SAT, Saturna - Previous top post on sub! Has huge potential for another big pump! Great brand new meme coin with nice site, great team, and solid tokenomics! Peak $15M marketcap, now at $7.3M, 3023 holders in only 12 hrs. #1 Trending on CryptoMoonShots."
67,2021-05-08 00:13:11,"This will go üíØX

https://www.catapulttoken.com/

Check it Out ‚úÖ",Significant-One1325,https://www.reddit.com/r/CryptoMars/comments/n70c9g/sat_saturna_previous_top_post_on_sub_has_huge/,"$SAT, Saturna - Previous top post on sub! Has huge potential for another big pump! Great brand new meme coin with nice site, great team, and solid tokenomics! Peak $15M marketcap, now at $7.3M, 3023 holders in only 12 hrs. #1 Trending on CryptoMoonShots."
68,2021-05-08 01:34:13," 

ü§ç SAFEJIZZ $JIZZ ü§ç

ü•ûPANCAKESWAP JUST LAUNCHED!!

[https://exchange.pancakeswap.finance/#/swap?outputCurrency=0xa197BAFDcBC1ff388734e088BaE732110273e246&inputCurrency=BNB](https://exchange.pancakeswap.finance/#/swap?outputCurrency=0xa197BAFDcBC1ff388734e088BaE732110273e246&inputCurrency=BNB)

LP is burned!

‚ú≥Ô∏è Telegram: [https://t.me/safejizz](https://t.me/safejizz)

‚ö°Ô∏èGO GO GO",,https://www.reddit.com/r/CryptoMars/comments/n70c9g/sat_saturna_previous_top_post_on_sub_has_huge/,"$SAT, Saturna - Previous top post on sub! Has huge potential for another big pump! Great brand new meme coin with nice site, great team, and solid tokenomics! Peak $15M marketcap, now at $7.3M, 3023 holders in only 12 hrs. #1 Trending on CryptoMoonShots."
69,2021-05-07 22:04:00,Pump up incoming! üî•,daanieel21,https://www.reddit.com/r/shitcoinmoonshots/comments/n7107y/sat_saturna_previous_top_post_on_sub_has_huge/,"$SAT, Saturna - Previous top post on sub! Has huge potential for another big pump! Great brand new meme coin with nice site, great team, and solid tokenomics! Peak $15M marketcap, now at $7.3M, 3023 holders in only 12 hrs. #1 Trending on CryptoMoonShots."
70,2021-05-08 01:25:40," 

ü§ç SAFEJIZZ $JIZZ ü§ç

ü•ûPANCAKESWAP JUST LAUNCHED!!

[https://exchange.pancakeswap.finance/#/swap?outputCurrency=0xa197BAFDcBC1ff388734e088BaE732110273e246&inputCurrency=BNB](https://exchange.pancakeswap.finance/#/swap?outputCurrency=0xa197BAFDcBC1ff388734e088BaE732110273e246&inputCurrency=BNB)

LP is burned!

‚ú≥Ô∏è Telegram: [https://t.me/safejizz](https://t.me/safejizz)

‚ö°Ô∏èGO GO GO",,https://www.reddit.com/r/shitcoinmoonshots/comments/n7107y/sat_saturna_previous_top_post_on_sub_has_huge/,"$SAT, Saturna - Previous top post on sub! Has huge potential for another big pump! Great brand new meme coin with nice site, great team, and solid tokenomics! Peak $15M marketcap, now at $7.3M, 3023 holders in only 12 hrs. #1 Trending on CryptoMoonShots."
71,2021-05-08 18:07:08,"Come on guys, throw a couple of dollars and make a few hundreds. It has potential, join the community",Left_Blackberry_4196,https://www.reddit.com/r/shitcoinmoonshots/comments/n7107y/sat_saturna_previous_top_post_on_sub_has_huge/,"$SAT, Saturna - Previous top post on sub! Has huge potential for another big pump! Great brand new meme coin with nice site, great team, and solid tokenomics! Peak $15M marketcap, now at $7.3M, 3023 holders in only 12 hrs. #1 Trending on CryptoMoonShots."
72,2021-05-07 20:31:36,Lets goo,sasa1881,https://www.reddit.com/r/AllCryptoBets/comments/n70b0b/sat_saturna_previous_top_post_on_sub_has_huge/,"$SAT, Saturna - Previous top post on sub! Has huge potential for another big pump! Great brand new meme coin with nice site, great team, and solid tokenomics! Peak $15M marketcap, now at $7.3M, 3023 holders in only 12 hrs. #1 Trending on CryptoMoonShots."
73,2021-05-07 20:54:29,This has all the making of another bonfire. Huge run up yesterday that has now corrected and consolidated. Perfect time to buy rn because we're only going up from here.,poese42069,https://www.reddit.com/r/AllCryptoBets/comments/n70b0b/sat_saturna_previous_top_post_on_sub_has_huge/,"$SAT, Saturna - Previous top post on sub! Has huge potential for another big pump! Great brand new meme coin with nice site, great team, and solid tokenomics! Peak $15M marketcap, now at $7.3M, 3023 holders in only 12 hrs. #1 Trending on CryptoMoonShots."
74,2021-05-08 03:48:53," ü§ç SAFEJIZZ $JIZZ ü§ç

ü•ûPANCAKESWAP JUST LAUNCHED, PUMPING HARD!!

[https://exchange.pancakeswap.finance/#/swap?outputCurrency=0xa197BAFDcBC1ff388734e088BaE732110273e246&inputCurrency=BNB](https://exchange.pancakeswap.finance/#/swap?outputCurrency=0xa197BAFDcBC1ff388734e088BaE732110273e246&inputCurrency=BNB)

LP is burned!

‚ú≥Ô∏è Telegram: [https://t.me/safejizz](https://t.me/safejizz)

‚ö°Ô∏èGO GO GO",,https://www.reddit.com/r/AllCryptoBets/comments/n70b0b/sat_saturna_previous_top_post_on_sub_has_huge/,"$SAT, Saturna - Previous top post on sub! Has huge potential for another big pump! Great brand new meme coin with nice site, great team, and solid tokenomics! Peak $15M marketcap, now at $7.3M, 3023 holders in only 12 hrs. #1 Trending on CryptoMoonShots."
75,2021-05-08 14:12:13," 

ü§ç SAFEJIZZ $JIZZ ü§ç

ü•ûPANCAKESWAP JUST LAUNCHED, PUMPING HARD!!

[https://exchange.pancakeswap.finance/#/swap?outputCurrency=0xa197BAFDcBC1ff388734e088BaE732110273e246&inputCurrency=BNB](https://exchange.pancakeswap.finance/#/swap?outputCurrency=0xa197BAFDcBC1ff388734e088BaE732110273e246&inputCurrency=BNB)

LP is burned!

‚ú≥Ô∏è Telegram: [https://t.me/safejizz](https://t.me/safejizz)

‚ö°Ô∏èGO GO GO",,https://www.reddit.com/r/CryptoCurrencyTrading/comments/n70xwk/sat_saturna_previous_top_post_on_sub_has_huge/,"$SAT, Saturna - Previous top post on sub! Has huge potential for another big pump! Great brand new meme coin with nice site, great team, and solid tokenomics! Peak $15M marketcap, now at $7.3M, 3023 holders in only 12 hrs. #1 Trending on CryptoMoonShots."
76,2021-05-09 05:35:05,"Please don't shill other tokens here, thanks!",Unbound96,https://www.reddit.com/r/BonfireToken/comments/n81w6h/another_up_and_coming_token/,Another up and coming token?
77,2021-05-09 05:38:42,"Great idea with the craft beer! LOL 

Yah I‚Äôve heard of SATURNA, already invested in that one too it looks promising. Thanks!",Capital_Adeptness_46,https://www.reddit.com/r/BonfireToken/comments/n81w6h/another_up_and_coming_token/,Another up and coming token?
78,2021-05-10 09:16:54,"Bonfire continues to set new ATHs and now Saturna is following the same path. Both of these cryptos in your portfolio are winners together.

DYOR and get into Saturna (and Bonfire) before we knock another zero off and really take off to Saturn's moons",Slave2theSave,https://www.reddit.com/r/BSCcryptoListings/comments/n8usvb/it_was_as_clear_as_the_night_sky_saturna/,It was as clear as the night sky‚Ä¶ Saturna expectedly pushed past its ATH to $45M and is on the breaking upwards again. Is this the next Bonfire??
79,2021-05-10 09:23:33,This is beautiful!!!!,fallenmask,https://www.reddit.com/r/BSCcryptoListings/comments/n8usvb/it_was_as_clear_as_the_night_sky_saturna/,It was as clear as the night sky‚Ä¶ Saturna expectedly pushed past its ATH to $45M and is on the breaking upwards again. Is this the next Bonfire??
80,2021-05-10 09:23:42,"Honestly, Saturna seems to have bigger room for growth....",ExcellentGuyYea,https://www.reddit.com/r/BSCcryptoListings/comments/n8usvb/it_was_as_clear_as_the_night_sky_saturna/,It was as clear as the night sky‚Ä¶ Saturna expectedly pushed past its ATH to $45M and is on the breaking upwards again. Is this the next Bonfire??
81,2021-05-10 09:29:20,Let's goooo!,treecitykid,https://www.reddit.com/r/BSCcryptoListings/comments/n8usvb/it_was_as_clear_as_the_night_sky_saturna/,It was as clear as the night sky‚Ä¶ Saturna expectedly pushed past its ATH to $45M and is on the breaking upwards again. Is this the next Bonfire??
82,2021-05-10 11:45:46,Twitter raid! 15 minutes !! #SATURNA,Capital_Adeptness_46,https://www.reddit.com/r/BSCcryptoListings/comments/n8usvb/it_was_as_clear_as_the_night_sky_saturna/,It was as clear as the night sky‚Ä¶ Saturna expectedly pushed past its ATH to $45M and is on the breaking upwards again. Is this the next Bonfire??
83,2021-05-08 00:37:24,"üêº $SAVEANIMAL üêº \[500K MC / 10x Potential\] We won¬¥t have a society if we destroy the environment.. - Community Driven Charity Token ‚ùó

&#x200B;

We are a fast growing Team of Crypto enthusiasts and incredibly Talented 

Individuals building a strong Community to make a change in this World..

&#x200B;

Make this one the greatest Coin of 2021! üêº

&#x200B;

üîí No Team-Wallets

&#x200B;

‚è≥ Transparent Management

‚è≥ Marketing & Partnerships

‚è≥ Listing Applications

‚è≥ Ecosystem Growth

&#x200B;

Weekly Charity-Donation chosen by our Community and Holders.

&#x200B;

""The greatness of a nation and its moral progress can be judged by the way in which its animals are treated."" -Mahatma Gandhi üåçüêº

&#x200B;

Transactions:

üìà 4% Added to Liquidity

ü•á 3% Reward for Holders

üêº 2% Donated to Charity

üöÄ 1% Used for Marketing

&#x200B;

Website     | [www.SaveAnimal.io](https://www.SaveAnimal.io)

Telegram    | [www.t.me/SaveAnimalToken](https://www.t.me/SaveAnimalToken)

Pancakeswap | [https://exchange.pancakeswap.finance/#/swap?outputCurrency=0xaa2C290bF62B7d100D2D7f87b7223e3A71b737F7](https://exchange.pancakeswap.finance/#/swap?outputCurrency=0xaa2C290bF62B7d100D2D7f87b7223e3A71b737F7)

Twitter     | [www.twitter.com/SaveAnimalToken](https://www.twitter.com/SaveAnimalToken) 

Contract ID | 0xaa2C290bF62B7d100D2D7f87b7223e3A71b737F7",DACapitalTrading,https://www.reddit.com/r/AllCryptoBets/comments/n7542a/saturna_on_its_next_moon_mission_out_of_82/,Saturna on it's next moon mission out of 82!
